Index	Sequence	Path_Delay	Logic_Delay	Net_Delay	Logic_to_Net_Ratio	Slice_LUTs	LUTs_as_Memory	LUTs_as_Logic	RegsFF	RegsLatch	ABC_Delay	ABC_Area
0	&scorr;&sweep;&if -W 300 -x -K 6;&if -W 300 -x -K 6;&if -W 300 -K 6 -v;&mfs;&st;&b;&if -W 300 -y -K 6;&if -W 300 -g -K 6;&if -W 300 -K 6 -v;&mfs;	17.441	6.339(37%)	11.102(63%)	37	13071	85	12986	4511	1680	2883	  12472
1	&scorr;&sweep;&syn3;&synch2;&if -W 300 -K 6 -v;&mfs;&st;&b;&syn2;&if -W 300 -g -K 6;&if -W 300 -K 6 -v;&mfs;	20.651	7.225(35%)	13.426(65%)	35	12527	85	12442	4511	1680	2883	  11858
2	&scorr;&sweep;&synch2;&dc2;&if -W 300 -x -K 6;&if -W 300 -K 6 -v;&mfs;	17.983	6.553(37%)	11.430(63%)	37	13223	85	13138	4511	1680	3084	  12812
3	&scorr;&sweep;&syn3;&if -W 300 -g -K 6;&if -W 300 -g -K 6;&if -W 300 -K 6 -v;&mfs;&st;&dch -f;&if -W 300 -x -K 6;&dch -f;&if -W 300 -K 6 -v;&mfs;	19.369	6.835(36%)	12.534(64%)	36	12435	85	12350	4511	1680	2883	  11779
4	&scorr;&sweep;&synch2;&syn4;&if -W 300 -y -K 6;&if -W 300 -K 6 -v;&mfs;	20.131	6.697(34%)	13.434(66%)	34	13068	85	12983	4511	1680	3083	  12659
5	&scorr;&sweep;&syn3;&dch;&synch2;&if -W 300 -K 6 -v;&mfs;	20.902	7.286(35%)	13.616(65%)	35	12677	85	12592	4511	1680	3388	  12158
6	&scorr;&sweep;&dch -f;&if -W 300 -g -K 6;&dch -f;&if -W 300 -K 6 -v;&mfs;	18.572	6.503(36%)	12.069(64%)	36	13421	85	13336	4511	1680	3086	  12846
7	&scorr;&sweep;&dc2;&syn4;&dch -f;&if -W 300 -K 6 -v;&mfs;&st;&if -W 300 -x -K 6;&b -d;&dc2;&if -W 300 -K 6 -v;&mfs;	18.496	6.605(36%)	11.891(64%)	36	12734	85	12649	4511	1680	2883	  12101
8	&scorr;&sweep;&synch2;&b -d;&synch2;&if -W 300 -K 6 -v;&mfs;&st;&dc2;&b;&if -W 300 -y -K 6;&if -W 300 -K 6 -v;&mfs;	20.150	7.013(35%)	13.137(65%)	35	12659	85	12574	4511	1680	2862	  12003
9	&scorr;&sweep;&dch -f;&if -W 300 -g -K 6;&dc2;&if -W 300 -K 6 -v;&mfs;	18.158	6.587(37%)	11.571(63%)	37	13355	85	13270	4511	1680	3084	  12798
10	&scorr;&sweep;&syn4;&synch2;&synch2;&if -W 300 -K 6 -v;&mfs;	20.508	6.907(34%)	13.601(66%)	34	12581	85	12496	4511	1680	3388	  11988
11	&scorr;&sweep;&syn3;&dch -f;&syn2;&if -W 300 -K 6 -v;&mfs;	25.268	8.355(34%)	16.913(66%)	34	12706	85	12621	4511	1680	3325	  12162
12	&scorr;&sweep;&b;&syn4;&if -W 300 -g -K 6;&if -W 300 -K 6 -v;&mfs;	21.518	7.175(34%)	14.343(66%)	34	13047	85	12962	4511	1680	3326	  12536
13	&scorr;&sweep;&if -W 300 -g -K 6;&if -W 300 -y -K 6;&if -W 300 -K 6 -v;&mfs;	17.174	6.190(37%)	10.984(63%)	37	14057	85	13972	4511	1680	3083	  13659
14	&scorr;&sweep;&if -W 300 -x -K 6;&synch2;&if -W 300 -K 6 -v;&mfs;&st;&if -W 300 -x -K 6;&if -W 300 -g -K 6;&dch -f;&if -W 300 -K 6 -v;&mfs;	18.502	6.474(35%)	12.028(65%)	35	12631	85	12546	4511	1680	2884	  11969
15	&scorr;&sweep;&syn4;&b -d;&if -W 300 -g -K 6;&if -W 300 -K 6 -v;&mfs;&st;&if -W 300 -x -K 6;&if -W 300 -x -K 6;&synch2;&if -W 300 -K 6 -v;&mfs;&st;&dch;&syn4;&dch -f;&if -W 300 -K 6 -v;&mfs;										1843	  15821
16	&scorr;&sweep;&if -W 300 -g -K 6;&dch;&synch2;&if -W 300 -K 6 -v;&mfs;	19.439	7.038(37%)	12.401(63%)	37	12601	85	12516	4511	1680	3084	  12074
17	&scorr;&sweep;&dc2;&dch;&if -W 300 -K 6 -v;&mfs;	23.087	7.676(34%)	15.411(66%)	34	13295	85	13210	4511	1680	3629	  12751
18	&scorr;&sweep;&syn4;&synch2;&syn2;&if -W 300 -K 6 -v;&mfs;	21.881	7.473(35%)	14.408(65%)	35	12677	85	12592	4511	1680	3085	  12088
19	&scorr;&sweep;&b;&syn4;&if -W 300 -K 6 -v;&mfs;&st;&if -W 300 -y -K 6;&syn2;&b -d;&if -W 300 -K 6 -v;&mfs;										1771	  16670
20	&scorr;&sweep;&dch -f;&synch2;&if -W 300 -y -K 6;&if -W 300 -K 6 -v;&mfs;	18.753	6.790(37%)	11.963(63%)	37	13019	85	12934	4511	1680	3083	  12543
21	&scorr;&sweep;&syn4;&syn3;&syn3;&if -W 300 -K 6 -v;&mfs;&st;&if -W 300 -x -K 6;&syn3;&if -W 300 -y -K 6;&if -W 300 -K 6 -v;&mfs;	21.714	7.349(34%)	14.365(66%)	34	12431	85	12346	4511	1680	2884	  11777
22	&scorr;&sweep;&dch -f;&dch;&syn3;&if -W 300 -K 6 -v;&mfs;	23.070	7.676(34%)	15.394(66%)	34	12935	85	12850	4511	1680	3629	  12387
23	&scorr;&sweep;&b;&syn3;&dch -f;&if -W 300 -K 6 -v;&mfs;	25.027	8.504(34%)	16.523(66%)	34	12604	85	12519	4511	1680	3628	  12031
24	&scorr;&sweep;&if -W 300 -g -K 6;&b;&dch;&if -W 300 -K 6 -v;&mfs;	19.362	6.932(36%)	12.430(64%)	36	12792	85	12707	4511	1680	3085	  12277
25	&scorr;&sweep;&if -W 300 -y -K 6;&syn4;&syn4;&if -W 300 -K 6 -v;&mfs;	21.821	7.421(35%)	14.400(65%)	35	13037	85	12952	4511	1680	3083	  12498
26	&scorr;&sweep;&syn2;&syn4;&synch2;&if -W 300 -K 6 -v;&mfs;	19.960	6.704(34%)	13.256(66%)	34	12718	85	12633	4511	1680	3083	  12218
27	&scorr;&sweep;&if -W 300 -y -K 6;&syn4;&synch2;&if -W 300 -K 6 -v;&mfs;	18.137	6.808(38%)	11.329(62%)	38	12641	85	12556	4511	1680	3083	  12094
28	&scorr;&sweep;&dc2;&b;&syn2;&if -W 300 -K 6 -v;&mfs;	23.575	7.800(34%)	15.775(66%)	34	13030	85	12945	4511	1680	3325	  12505
29	&scorr;&sweep;&b;&if -W 300 -y -K 6;&dc2;&if -W 300 -K 6 -v;&mfs;&st;&dc2;&if -W 300 -x -K 6;&b;&if -W 300 -K 6 -v;&mfs;	20.585	7.155(35%)	13.430(65%)	35	12887	85	12802	4511	1680	2923	  12238
30	&scorr;&sweep;&syn4;&syn4;&if -W 300 -K 6 -v;&mfs;	23.181	7.590(33%)	15.591(67%)	33	13023	85	12938	4511	1680	3629	  12489
31	&scorr;&sweep;&synch2;&dc2;&synch2;&if -W 300 -K 6 -v;&mfs;	18.198	6.808(38%)	11.390(62%)	38	12782	85	12697	4511	1680	3386	  12383
32	&scorr;&sweep;&dc2;&synch2;&synch2;&if -W 300 -K 6 -v;&mfs;	19.236	6.704(35%)	12.532(65%)	35	12752	85	12667	4511	1680	3386	  12236
33	&scorr;&sweep;&syn4;&if -W 300 -x -K 6;&if -W 300 -y -K 6;&if -W 300 -K 6 -v;&mfs;	19.237	6.846(36%)	12.391(64%)	36	13259	85	13174	4511	1680	3084	  12741
34	&scorr;&sweep;&synch2;&if -W 300 -y -K 6;&if -W 300 -K 6 -v;&mfs;	20.266	6.952(35%)	13.314(65%)	35	13030	85	12945	4511	1680	3083	  12561
35	&scorr;&sweep;&b;&b;&dch;&if -W 300 -K 6 -v;&mfs;	23.577	8.125(35%)	15.452(65%)	35	12568	85	12483	4511	1680	3628	  12045
36	&scorr;&sweep;&if -W 300 -y -K 6;&if -W 300 -x -K 6;&b;&if -W 300 -K 6 -v;&mfs;	17.285	6.481(38%)	10.804(62%)	38	13756	85	13671	4511	1680	3084	  13329
37	&scorr;&sweep;&b -d;&b -d;&if -W 300 -K 6 -v;&mfs;										1843	  17493
38	&scorr;&sweep;&if -W 300 -x -K 6;&syn3;&if -W 300 -x -K 6;&if -W 300 -K 6 -v;&mfs;&st;&syn3;&dc2;&b;&if -W 300 -K 6 -v;&mfs;&st;&if -W 300 -y -K 6;&if -W 300 -K 6 -v;&mfs;&st;&syn4;&if -W 300 -g -K 6;&b;&if -W 300 -K 6 -v;&mfs;&st;&if -W 300 -g -K 6;&syn3;&if -W 300 -K 6 -v;&mfs;	18.877	6.801(37%)	12.076(63%)	37	12354	85	12269	4511	1680	2861	  11685
39	&scorr;&sweep;&if -W 300 -g -K 6;&b -d;&if -W 300 -g -K 6;&if -W 300 -K 6 -v;&mfs;										1789	  17323
40	&scorr;&sweep;&if -W 300 -g -K 6;&if -W 300 -y -K 6;&syn4;&if -W 300 -K 6 -v;&mfs;	19.036	6.722(36%)	12.314(64%)	36	13207	85	13122	4511	1680	3085	  12712
41	&scorr;&sweep;&dch;&b -d;&dch;&if -W 300 -K 6 -v;&mfs;	22.561	7.753(35%)	14.808(65%)	35	13222	85	13137	4511	1680	3629	  12679
42	&scorr;&sweep;&synch2;&if -W 300 -x -K 6;&if -W 300 -y -K 6;&if -W 300 -K 6 -v;&mfs;&st;&if -W 300 -x -K 6;&if -W 300 -g -K 6;&if -W 300 -K 6 -v;&mfs;&st;&if -W 300 -x -K 6;&dch -f;&syn3;&if -W 300 -K 6 -v;&mfs;&st;&dch;&if -W 300 -g -K 6;&dc2;&if -W 300 -K 6 -v;&mfs;&st;&dc2;&dch -f;&synch2;&if -W 300 -K 6 -v;&mfs;&st;&syn4;&syn4;&synch2;&if -W 300 -K 6 -v;&mfs;	18.570	6.819(37%)	11.751(63%)	37	12391	85	12306	4511	1680	2883	  11727
43	&scorr;&sweep;&syn2;&syn3;&if -W 300 -x -K 6;&if -W 300 -K 6 -v;&mfs;	21.393	7.428(35%)	13.965(65%)	35	12695	85	12610	4511	1680	3082	  12274
44	&scorr;&sweep;&syn4;&if -W 300 -x -K 6;&if -W 300 -g -K 6;&if -W 300 -K 6 -v;&mfs;	19.626	6.907(36%)	12.719(64%)	36	13213	85	13128	4511	1680	3085	  12708
45	&scorr;&sweep;&dc2;&dch -f;&synch2;&if -W 300 -K 6 -v;&mfs;	19.133	6.535(35%)	12.598(65%)	35	12972	85	12887	4511	1680	3388	  12425
46	&scorr;&sweep;&syn2;&synch2;&dch -f;&if -W 300 -K 6 -v;&mfs;	19.890	6.846(35%)	13.044(65%)	35	12795	85	12710	4511	1680	3084	  12263
47	&scorr;&sweep;&syn2;&dc2;&if -W 300 -K 6 -v;&mfs;	23.674	8.001(34%)	15.673(66%)	34	13159	85	13074	4511	1680	3325	  12731
48	&scorr;&sweep;&if -W 300 -y -K 6;&dc2;&if -W 300 -K 6 -v;&mfs;	18.009	6.598(37%)	11.411(63%)	37	13807	85	13722	4511	1680	3085	  13282
49	&scorr;&sweep;&synch2;&dch -f;&dch;&if -W 300 -K 6 -v;&mfs;	19.403	7.049(37%)	12.354(63%)	37	13011	85	12926	4511	1680	3388	  12510
50	&scorr;&sweep;&syn3;&dc2;&dc2;&if -W 300 -K 6 -v;&mfs;&st;&syn3;&syn4;&syn2;&if -W 300 -K 6 -v;&mfs;	24.808	8.256(34%)	16.552(66%)	34	12566	85	12481	4511	1680	3324	  11898
51	&scorr;&sweep;&if -W 300 -g -K 6;&dc2;&if -W 300 -g -K 6;&if -W 300 -K 6 -v;&mfs;&st;&dch -f;&syn3;&if -W 300 -K 6 -v;&mfs;	18.735	6.711(36%)	12.024(64%)	36	12936	85	12851	4511	1680	2861	  12291
52	&scorr;&sweep;&if -W 300 -x -K 6;&if -W 300 -K 6 -v;&mfs;	17.631	6.357(37%)	11.274(63%)	37	14035	85	13950	4511	1680	3084	  13720
53	&scorr;&sweep;&syn3;&syn3;&synch2;&if -W 300 -K 6 -v;&mfs;	21.002	7.173(35%)	13.829(65%)	35	12493	85	12408	4511	1680	3385	  11995
54	&scorr;&sweep;&synch2;&dch;&syn3;&if -W 300 -K 6 -v;&mfs;	21.196	7.297(35%)	13.899(65%)	35	12793	85	12708	4511	1680	3387	  12279
55	&scorr;&sweep;&if -W 300 -x -K 6;&dch -f;&dch;&if -W 300 -K 6 -v;&mfs;&st;&dch;&if -W 300 -x -K 6;&b -d;&if -W 300 -K 6 -v;&mfs;										1772	  17287
56	&scorr;&sweep;&syn2;&syn2;&b;&if -W 300 -K 6 -v;&mfs;	20.997	7.315(35%)	13.682(65%)	35	12827	85	12742	4511	1680	3325	  12341
57	&scorr;&sweep;&syn4;&dc2;&if -W 300 -y -K 6;&if -W 300 -K 6 -v;&mfs;	20.581	7.101(35%)	13.480(65%)	35	13475	85	13390	4511	1680	3085	  12921
58	&scorr;&sweep;&b -d;&if -W 300 -x -K 6;&syn4;&if -W 300 -K 6 -v;&mfs;&st;&b;&if -W 300 -g -K 6;&if -W 300 -K 6 -v;&mfs;&st;&syn3;&if -W 300 -x -K 6;&syn2;&if -W 300 -K 6 -v;&mfs;	20.693	7.076(35%)	13.617(65%)	35	12471	85	12386	4511	1680	2862	  11800
59	&scorr;&sweep;&dch -f;&if -W 300 -x -K 6;&dch -f;&if -W 300 -K 6 -v;&mfs;	18.887	6.550(35%)	12.337(65%)	35	13183	85	13098	4511	1680	3086	  12607
60	&scorr;&sweep;&if -W 300 -x -K 6;&dch;&if -W 300 -K 6 -v;&mfs;&st;&if -W 300 -x -K 6;&syn4;&if -W 300 -K 6 -v;&mfs;&st;&synch2;&dc2;&syn2;&if -W 300 -K 6 -v;&mfs;	19.677	6.846(35%)	12.831(65%)	35	12738	85	12653	4511	1680	2883	  12098
61	&scorr;&sweep;&if -W 300 -g -K 6;&syn2;&dc2;&if -W 300 -K 6 -v;&mfs;	19.171	6.846(36%)	12.325(64%)	36	13056	85	12971	4511	1680	3083	  12590
62	&scorr;&sweep;&syn4;&if -W 300 -x -K 6;&if -W 300 -K 6 -v;&mfs;	19.180	6.846(36%)	12.334(64%)	36	13195	85	13110	4511	1680	3085	  12699
63	&scorr;&sweep;&synch2;&if -W 300 -y -K 6;&if -W 300 -y -K 6;&if -W 300 -K 6 -v;&mfs;	20.266	6.952(35%)	13.314(65%)	35	13014	85	12929	4511	1680	3084	  12534
64	&scorr;&sweep;&if -W 300 -g -K 6;&if -W 300 -x -K 6;&dch -f;&if -W 300 -K 6 -v;&mfs;&st;&b -d;&syn3;&if -W 300 -K 6 -v;&mfs;&st;&syn3;&syn3;&dch -f;&if -W 300 -K 6 -v;&mfs;	18.135	6.587(37%)	11.548(63%)	37	12466	85	12381	4511	1680	2883	  11796
65	&scorr;&sweep;&synch2;&if -W 300 -g -K 6;&syn4;&if -W 300 -K 6 -v;&mfs;&st;&dc2;&dc2;&b -d;&if -W 300 -K 6 -v;&mfs;										1772	  17408
66	&scorr;&sweep;&dch;&syn4;&syn2;&if -W 300 -K 6 -v;&mfs;&st;&if -W 300 -x -K 6;&synch2;&if -W 300 -K 6 -v;&mfs;	19.131	6.361(34%)	12.770(66%)	34	12635	85	12550	4511	1680	2884	  11997
67	&scorr;&sweep;&if -W 300 -x -K 6;&syn3;&dch;&if -W 300 -K 6 -v;&mfs;	19.314	6.925(36%)	12.389(64%)	36	12793	85	12708	4511	1680	3086	  12240
68	&scorr;&sweep;&b -d;&if -W 300 -g -K 6;&if -W 300 -g -K 6;&if -W 300 -K 6 -v;&mfs;										1789	  17939
69	&scorr;&sweep;&syn2;&if -W 300 -y -K 6;&b -d;&if -W 300 -K 6 -v;&mfs;										1789	  16191
70	&scorr;&sweep;&if -W 300 -y -K 6;&syn4;&if -W 300 -y -K 6;&if -W 300 -K 6 -v;&mfs;&st;&syn4;&dch;&synch2;&if -W 300 -K 6 -v;&mfs;	19.235	6.943(37%)	12.292(63%)	37	13216	85	13131	4511	1680	2884	  12583
71	&scorr;&sweep;&dc2;&dch -f;&dch;&if -W 300 -K 6 -v;&mfs;&st;&if -W 300 -y -K 6;&syn4;&if -W 300 -x -K 6;&if -W 300 -K 6 -v;&mfs;	18.593	6.722(37%)	11.871(63%)	37	12943	85	12858	4511	1680	2920	  12316
72	&scorr;&sweep;&if -W 300 -y -K 6;&synch2;&if -W 300 -g -K 6;&if -W 300 -K 6 -v;&mfs;	20.014	6.835(35%)	13.179(65%)	35	13219	85	13134	4511	1680	3082	  12709
73	&scorr;&sweep;&syn2;&dch -f;&b;&if -W 300 -K 6 -v;&mfs;	24.532	8.249(34%)	16.283(66%)	34	12957	85	12872	4511	1680	3325	  12466
74	&scorr;&sweep;&dc2;&dc2;&dch -f;&if -W 300 -K 6 -v;&mfs;	22.628	7.676(34%)	14.952(66%)	34	13417	85	13332	4511	1680	3628	  12859
75	&scorr;&sweep;&syn3;&dch;&synch2;&if -W 300 -K 6 -v;&mfs;	20.902	7.286(35%)	13.616(65%)	35	12677	85	12592	4511	1680	3388	  12158
76	&scorr;&sweep;&syn4;&syn2;&b -d;&if -W 300 -K 6 -v;&mfs;										1843	  15695
77	&scorr;&sweep;&dch -f;&syn2;&if -W 300 -y -K 6;&if -W 300 -K 6 -v;&mfs;	18.895	6.618(36%)	12.277(64%)	36	13042	85	12957	4511	1680	3083	  12510
78	&scorr;&sweep;&b;&if -W 300 -y -K 6;&synch2;&if -W 300 -K 6 -v;&mfs;&st;&if -W 300 -y -K 6;&if -W 300 -y -K 6;&syn2;&if -W 300 -K 6 -v;&mfs;	19.843	6.907(35%)	12.936(65%)	35	12510	85	12425	4511	1680	2884	  11830
79	&scorr;&sweep;&if -W 300 -y -K 6;&if -W 300 -x -K 6;&if -W 300 -K 6 -v;&mfs;	18.386	6.456(36%)	11.930(64%)	36	14088	85	14003	4511	1680	3085	  13635
80	&scorr;&sweep;&b -d;&synch2;&if -W 300 -K 6 -v;&mfs;	18.628	6.605(36%)	12.023(64%)	36	12927	85	12842	4511	1680	3386	  12449
81	&scorr;&sweep;&if -W 300 -y -K 6;&if -W 300 -K 6 -v;&mfs;	17.447	6.233(36%)	11.214(64%)	36	14135	85	14050	4511	1680	3085	  13836
82	&scorr;&sweep;&b -d;&syn4;&syn4;&if -W 300 -K 6 -v;&mfs;	22.071	7.342(34%)	14.729(66%)	34	13121	85	13036	4511	1680	3629	  12575
83	&scorr;&sweep;&b -d;&if -W 300 -g -K 6;&dch;&if -W 300 -K 6 -v;&mfs;	18.653	6.569(36%)	12.084(64%)	36	13609	85	13524	4511	1680	3086	  13123
84	&scorr;&sweep;&dc2;&if -W 300 -g -K 6;&if -W 300 -K 6 -v;&mfs;&st;&if -W 300 -g -K 6;&b -d;&syn2;&if -W 300 -K 6 -v;&mfs;&st;&syn4;&syn2;&dch -f;&if -W 300 -K 6 -v;&mfs;	19.005	6.711(36%)	12.294(64%)	36	12869	85	12784	4511	1680	2862	  12256
85	&scorr;&sweep;&if -W 300 -g -K 6;&syn4;&dc2;&if -W 300 -K 6 -v;&mfs;	20.118	6.846(35%)	13.272(65%)	35	13514	85	13429	4511	1680	3086	  12938
86	&scorr;&sweep;&dc2;&dc2;&if -W 300 -K 6 -v;&mfs;&st;&syn2;&if -W 300 -x -K 6;&if -W 300 -K 6 -v;&mfs;	18.326	6.476(36%)	11.850(64%)	36	12933	85	12848	4511	1680	2921	  12273
87	&scorr;&sweep;&syn4;&if -W 300 -g -K 6;&if -W 300 -x -K 6;&if -W 300 -K 6 -v;&mfs;	19.999	6.882(35%)	13.117(65%)	35	13139	85	13054	4511	1680	3085	  12634
88	&scorr;&sweep;&syn2;&if -W 300 -y -K 6;&if -W 300 -g -K 6;&if -W 300 -K 6 -v;&mfs;	18.174	6.605(37%)	11.569(63%)	37	13141	85	13056	4511	1680	3083	  12722
89	&scorr;&sweep;&syn4;&syn2;&syn2;&if -W 300 -K 6 -v;&mfs;&st;&if -W 300 -y -K 6;&b;&if -W 300 -g -K 6;&if -W 300 -K 6 -v;&mfs;&st;&synch2;&if -W 300 -K 6 -v;&mfs;	19.263	6.853(36%)	12.410(64%)	36	12388	85	12303	4511	1680	2862	  11713
90	&scorr;&sweep;&syn3;&syn2;&dch;&if -W 300 -K 6 -v;&mfs;	25.025	8.504(34%)	16.521(66%)	34	12591	85	12506	4511	1680	3325	  12016
91	&scorr;&sweep;&syn3;&syn2;&dch;&if -W 300 -K 6 -v;&mfs;&st;&synch2;&b;&syn2;&if -W 300 -K 6 -v;&mfs;	19.800	7.049(36%)	12.751(64%)	36	12343	85	12258	4511	1680	2883	  11709
92	&scorr;&sweep;&synch2;&dch -f;&syn2;&if -W 300 -K 6 -v;&mfs;&st;&b -d;&b -d;&syn4;&if -W 300 -K 6 -v;&mfs;	21.027	7.297(35%)	13.730(65%)	35	12864	85	12779	4511	1680	2921	  12214
93	&scorr;&sweep;&if -W 300 -g -K 6;&b -d;&syn4;&if -W 300 -K 6 -v;&mfs;&st;&b -d;&b -d;&b;&if -W 300 -K 6 -v;&mfs;&st;&dch -f;&b;&if -W 300 -K 6 -v;&mfs;&st;&dch;&if -W 300 -y -K 6;&if -W 300 -g -K 6;&if -W 300 -K 6 -v;&mfs;	19.913	6.810(35%)	13.103(65%)	35	12549	85	12464	4511	1680	3066	  11865
94	&scorr;&sweep;&syn2;&syn2;&dch -f;&if -W 300 -K 6 -v;&mfs;&st;&b -d;&b;&if -W 300 -K 6 -v;&mfs;&st;&syn2;&if -W 300 -y -K 6;&syn2;&if -W 300 -K 6 -v;&mfs;&st;&dch;&dc2;&syn2;&if -W 300 -K 6 -v;&mfs;	19.876	6.907(35%)	12.969(65%)	35	12490	85	12405	4511	1680	2883	  11840
95	&scorr;&sweep;&b;&dc2;&syn4;&if -W 300 -K 6 -v;&mfs;	25.426	8.373(33%)	17.053(67%)	33	13152	85	13067	4511	1680	3629	  12672
96	&scorr;&sweep;&syn2;&syn3;&if -W 300 -K 6 -v;&mfs;&st;&b;&synch2;&if -W 300 -g -K 6;&if -W 300 -K 6 -v;&mfs;	20.697	7.076(35%)	13.621(65%)	35	12511	85	12426	4511	1680	2883	  11852
97	&scorr;&sweep;&b -d;&dch;&if -W 300 -x -K 6;&if -W 300 -K 6 -v;&mfs;	18.144	6.438(36%)	11.706(64%)	36	13646	85	13561	4511	1680	3085	  13252
98	&scorr;&sweep;&b -d;&if -W 300 -g -K 6;&if -W 300 -K 6 -v;&mfs;										1789	  17545
99	&scorr;&sweep;&dch -f;&syn4;&if -W 300 -K 6 -v;&mfs;	22.759	7.552(34%)	15.207(66%)	34	13095	85	13010	4511	1680	3629	  12525
100	&scorr;&sweep;&if -W 300 -g -K 6;&dch -f;&b;&if -W 300 -K 6 -v;&mfs;&st;&synch2;&if -W 300 -y -K 6;&syn2;&if -W 300 -K 6 -v;&mfs;	19.735	6.810(35%)	12.925(65%)	35	12702	85	12617	4511	1680	2922	  12072
101	&scorr;&sweep;&dch;&dc2;&if -W 300 -K 6 -v;&mfs;	23.090	8.001(35%)	15.089(65%)	35	13384	85	13299	4511	1680	3628	  12832
102	&scorr;&sweep;&syn2;&syn3;&if -W 300 -K 6 -v;&mfs;	21.343	7.218(34%)	14.125(66%)	34	12757	85	12672	4511	1680	3325	  12325
103	&scorr;&sweep;&if -W 300 -y -K 6;&if -W 300 -K 6 -v;&mfs;	17.447	6.233(36%)	11.214(64%)	36	14135	85	14050	4511	1680	3085	  13836
104	&scorr;&sweep;&b -d;&b;&syn2;&if -W 300 -K 6 -v;&mfs;	18.627	6.853(37%)	11.774(63%)	37	13079	85	12994	4511	1680	3325	  12656
105	&scorr;&sweep;&if -W 300 -y -K 6;&if -W 300 -g -K 6;&if -W 300 -K 6 -v;&mfs;&st;&b;&if -W 300 -y -K 6;&b;&if -W 300 -K 6 -v;&mfs;	18.502	6.273(34%)	12.229(66%)	34	12982	85	12897	4511	1680	2883	  12336
106	&scorr;&sweep;&synch2;&syn2;&synch2;&if -W 300 -K 6 -v;&mfs;&st;&b -d;&if -W 300 -x -K 6;&if -W 300 -K 6 -v;&mfs;										1771	  16873
107	&scorr;&sweep;&synch2;&if -W 300 -x -K 6;&dc2;&if -W 300 -K 6 -v;&mfs;	19.585	6.835(35%)	12.750(65%)	35	13030	85	12945	4511	1680	3084	  12530
108	&scorr;&sweep;&dch;&if -W 300 -y -K 6;&dch -f;&if -W 300 -K 6 -v;&mfs;	19.503	6.659(35%)	12.844(65%)	35	13263	85	13178	4511	1680	3085	  12697
109	&scorr;&sweep;&if -W 300 -y -K 6;&dc2;&syn3;&if -W 300 -K 6 -v;&mfs;&st;&dc2;&dch -f;&syn4;&if -W 300 -K 6 -v;&mfs;	20.060	7.031(36%)	13.029(64%)	36	13020	85	12935	4511	1680	2920	  12387
110	&scorr;&sweep;&dc2;&synch2;&dch -f;&if -W 300 -K 6 -v;&mfs;	18.529	6.704(37%)	11.825(63%)	37	12870	85	12785	4511	1680	3387	  12347
111	&scorr;&sweep;&b -d;&dch -f;&if -W 300 -x -K 6;&if -W 300 -K 6 -v;&mfs;	17.314	6.463(38%)	10.851(62%)	38	13680	85	13595	4511	1680	3086	  13325
112	&scorr;&sweep;&dc2;&syn2;&syn2;&if -W 300 -K 6 -v;&mfs;	23.604	7.800(34%)	15.804(66%)	34	12976	85	12891	4511	1680	3325	  12460
113	&scorr;&sweep;&dch -f;&dch;&if -W 300 -K 6 -v;&mfs;&st;&b;&dch;&dch;&if -W 300 -K 6 -v;&mfs;&st;&b -d;&synch2;&syn3;&if -W 300 -K 6 -v;&mfs;&st;&if -W 300 -x -K 6;&if -W 300 -x -K 6;&syn2;&if -W 300 -K 6 -v;&mfs;&st;&syn3;&b -d;&if -W 300 -g -K 6;&if -W 300 -K 6 -v;&mfs;										1771	  16979
114	&scorr;&sweep;&dc2;&syn4;&dch -f;&if -W 300 -K 6 -v;&mfs;	24.196	7.800(33%)	16.396(67%)	33	12915	85	12830	4511	1680	3628	  12314
115	&scorr;&sweep;&syn2;&dch -f;&b -d;&if -W 300 -K 6 -v;&mfs;										1843	  16049
116	&scorr;&sweep;&if -W 300 -x -K 6;&dch;&if -W 300 -K 6 -v;&mfs;	19.100	6.932(37%)	12.168(63%)	37	13117	85	13032	4511	1680	3085	  12612
117	&scorr;&sweep;&syn2;&dc2;&if -W 300 -g -K 6;&if -W 300 -K 6 -v;&mfs;	20.581	7.083(35%)	13.498(65%)	35	13133	85	13048	4511	1680	3083	  12688
118	&scorr;&sweep;&if -W 300 -x -K 6;&syn2;&synch2;&if -W 300 -K 6 -v;&mfs;&st;&syn3;&if -W 300 -x -K 6;&if -W 300 -g -K 6;&if -W 300 -K 6 -v;&mfs;	20.213	6.810(34%)	13.403(66%)	34	12568	85	12483	4511	1680	2883	  11914
119	&scorr;&sweep;&if -W 300 -x -K 6;&if -W 300 -g -K 6;&dch -f;&if -W 300 -K 6 -v;&mfs;&st;&if -W 300 -y -K 6;&if -W 300 -g -K 6;&if -W 300 -g -K 6;&if -W 300 -K 6 -v;&mfs;	19.017	6.729(36%)	12.288(64%)	36	13263	85	13178	4511	1680	2884	  12598
120	&scorr;&sweep;&dc2;&syn2;&b;&if -W 300 -K 6 -v;&mfs;	23.008	7.676(34%)	15.332(66%)	34	13021	85	12936	4511	1680	3325	  12504
121	&scorr;&sweep;&if -W 300 -y -K 6;&dch;&dch;&if -W 300 -K 6 -v;&mfs;	19.361	6.525(34%)	12.836(66%)	34	13389	85	13304	4511	1680	3085	  12866
122	&scorr;&sweep;&b;&if -W 300 -y -K 6;&if -W 300 -K 6 -v;&mfs;&st;&dc2;&synch2;&if -W 300 -K 6 -v;&mfs;	18.907	6.914(37%)	11.993(63%)	37	12550	85	12465	4511	1680	2883	  11903
123	&scorr;&sweep;&if -W 300 -y -K 6;&dch;&dc2;&if -W 300 -K 6 -v;&mfs;&st;&synch2;&b;&syn2;&if -W 300 -K 6 -v;&mfs;	18.325	6.677(37%)	11.648(63%)	37	12872	85	12787	4511	1680	2920	  12233
124	&scorr;&sweep;&syn3;&if -W 300 -x -K 6;&dch -f;&if -W 300 -K 6 -v;&mfs;	20.083	6.868(35%)	13.215(65%)	35	12663	85	12578	4511	1680	3084	  12098
125	&scorr;&sweep;&if -W 300 -x -K 6;&dc2;&dch;&if -W 300 -K 6 -v;&mfs;	18.702	6.659(36%)	12.043(64%)	36	13304	85	13219	4511	1680	3084	  12808
126	&scorr;&sweep;&synch2;&b -d;&dch -f;&if -W 300 -K 6 -v;&mfs;&st;&dc2;&b -d;&dch;&if -W 300 -K 6 -v;&mfs;	18.796	6.932(37%)	11.864(63%)	37	12752	85	12667	4511	1680	3165	  12094
127	&scorr;&sweep;&if -W 300 -x -K 6;&synch2;&dc2;&if -W 300 -K 6 -v;&mfs;	17.724	6.553(37%)	11.171(63%)	37	13343	85	13258	4511	1680	3083	  12886
128	&scorr;&sweep;&syn3;&if -W 300 -x -K 6;&syn4;&if -W 300 -K 6 -v;&mfs;	20.067	7.049(36%)	13.018(64%)	36	13002	85	12917	4511	1680	3084	  12550
129	&scorr;&sweep;&if -W 300 -y -K 6;&dch -f;&b -d;&if -W 300 -K 6 -v;&mfs;										1790	  16559
130	&scorr;&sweep;&dc2;&dch;&b -d;&if -W 300 -K 6 -v;&mfs;&st;&b;&syn4;&syn2;&if -W 300 -K 6 -v;&mfs;										1843	  15742
131	&scorr;&sweep;&syn4;&dch;&syn3;&if -W 300 -K 6 -v;&mfs;	26.626	8.603(33%)	18.023(67%)	33	13257	85	13172	4511	1680	3629	  12673
132	&scorr;&sweep;&b;&syn4;&syn3;&if -W 300 -K 6 -v;&mfs;	22.941	7.687(34%)	15.254(66%)	34	12813	85	12728	4511	1680	3628	  12264
133	&scorr;&sweep;&b;&syn3;&syn2;&if -W 300 -K 6 -v;&mfs;	21.366	7.349(35%)	14.017(65%)	35	12750	85	12665	4511	1680	3325	  12251
134	&scorr;&sweep;&dch -f;&dch;&b -d;&if -W 300 -K 6 -v;&mfs;										1843	  16443
135	&scorr;&sweep;&syn3;&syn4;&dc2;&if -W 300 -K 6 -v;&mfs;	26.442	8.497(33%)	17.945(67%)	33	13396	85	13311	4511	1680	3629	  12950
136	&scorr;&sweep;&dch -f;&syn4;&if -W 300 -K 6 -v;&mfs;	22.759	7.552(34%)	15.207(66%)	34	13095	85	13010	4511	1680	3629	  12525
137	&scorr;&sweep;&syn4;&if -W 300 -x -K 6;&syn2;&if -W 300 -K 6 -v;&mfs;	20.756	7.076(35%)	13.680(65%)	35	12927	85	12842	4511	1680	3084	  12370
138	&scorr;&sweep;&syn2;&syn4;&if -W 300 -K 6 -v;&mfs;	20.717	6.970(34%)	13.747(66%)	34	13122	85	13037	4511	1680	3325	  12704
139	&scorr;&sweep;&b -d;&b -d;&if -W 300 -g -K 6;&if -W 300 -K 6 -v;&mfs;&st;&if -W 300 -x -K 6;&if -W 300 -y -K 6;&dch;&if -W 300 -K 6 -v;&mfs;										1789	  17466
140	&scorr;&sweep;&syn2;&syn4;&if -W 300 -g -K 6;&if -W 300 -K 6 -v;&mfs;&st;&if -W 300 -y -K 6;&syn4;&syn2;&if -W 300 -K 6 -v;&mfs;	20.480	7.170(36%)	13.310(64%)	36	12622	85	12537	4511	1680	2883	  12018
141	&scorr;&sweep;&dch -f;&syn4;&syn3;&if -W 300 -K 6 -v;&mfs;	24.503	7.924(33%)	16.579(67%)	33	12844	85	12759	4511	1680	3629	  12234
142	&scorr;&sweep;&if -W 300 -g -K 6;&dc2;&dch;&if -W 300 -K 6 -v;&mfs;	18.126	6.677(37%)	11.449(63%)	37	13537	85	13452	4511	1680	3084	  13013
143	&scorr;&sweep;&if -W 300 -x -K 6;&dch;&b -d;&if -W 300 -K 6 -v;&mfs;&st;&if -W 300 -g -K 6;&syn4;&dch -f;&if -W 300 -K 6 -v;&mfs;										1790	  16943
144	&scorr;&sweep;&dch -f;&dch;&if -W 300 -K 6 -v;&mfs;&st;&synch2;&syn4;&syn4;&if -W 300 -K 6 -v;&mfs;	17.415	6.228(36%)	11.187(64%)	36	12949	85	12864	4511	1680	3186	  12329
145	&scorr;&sweep;&if -W 300 -y -K 6;&syn3;&syn4;&if -W 300 -K 6 -v;&mfs;	21.777	7.421(35%)	14.356(65%)	35	13024	85	12939	4511	1680	3084	  12558
146	&scorr;&sweep;&b;&syn2;&if -W 300 -K 6 -v;&mfs;&st;&synch2;&b;&if -W 300 -x -K 6;&if -W 300 -K 6 -v;&mfs;	19.819	6.810(35%)	13.009(65%)	35	12432	85	12347	4511	1680	2883	  11789
147	&scorr;&sweep;&dch -f;&syn3;&b;&if -W 300 -K 6 -v;&mfs;	23.058	7.676(34%)	15.382(66%)	34	12869	85	12784	4511	1680	3628	  12315
148	&scorr;&sweep;&dc2;&syn3;&if -W 300 -x -K 6;&if -W 300 -K 6 -v;&mfs;	18.696	6.600(36%)	12.096(64%)	36	12938	85	12853	4511	1680	3084	  12417
149	&scorr;&sweep;&b;&syn2;&syn4;&if -W 300 -K 6 -v;&mfs;&st;&syn2;&b;&b;&if -W 300 -K 6 -v;&mfs;&st;&if -W 300 -x -K 6;&syn3;&if -W 300 -y -K 6;&if -W 300 -K 6 -v;&mfs;&st;&b -d;&b;&b -d;&if -W 300 -K 6 -v;&mfs;										1771	  16622
150	&scorr;&sweep;&dch;&dch;&if -W 300 -K 6 -v;&mfs;&st;&if -W 300 -y -K 6;&syn4;&if -W 300 -K 6 -v;&mfs;	18.924	6.801(36%)	12.123(64%)	36	12888	85	12803	4511	1680	2884	  12239
151	&scorr;&sweep;&b -d;&b;&dc2;&if -W 300 -K 6 -v;&mfs;	22.336	7.760(35%)	14.576(65%)	35	13343	85	13258	4511	1680	3628	  12993
152	&scorr;&sweep;&b -d;&dch -f;&if -W 300 -y -K 6;&if -W 300 -K 6 -v;&mfs;&st;&syn4;&syn2;&syn2;&if -W 300 -K 6 -v;&mfs;&st;&b;&syn3;&dc2;&if -W 300 -K 6 -v;&mfs;&st;&dc2;&if -W 300 -g -K 6;&syn3;&if -W 300 -K 6 -v;&mfs;&st;&b -d;&if -W 300 -x -K 6;&if -W 300 -K 6 -v;&mfs;										1771	  16778
153	&scorr;&sweep;&dch;&b -d;&if -W 300 -g -K 6;&if -W 300 -K 6 -v;&mfs;										1789	  16663
154	&scorr;&sweep;&synch2;&if -W 300 -g -K 6;&syn3;&if -W 300 -K 6 -v;&mfs;&st;&if -W 300 -x -K 6;&dc2;&if -W 300 -K 6 -v;&mfs;	19.788	6.907(35%)	12.881(65%)	35	12711	85	12626	4511	1680	2883	  12050
155	&scorr;&sweep;&b -d;&syn2;&if -W 300 -K 6 -v;&mfs;	18.518	6.580(36%)	11.938(64%)	36	13192	85	13107	4511	1680	3325	  12761
156	&scorr;&sweep;&syn2;&syn4;&dch -f;&if -W 300 -K 6 -v;&mfs;&st;&if -W 300 -x -K 6;&syn2;&if -W 300 -x -K 6;&if -W 300 -K 6 -v;&mfs;&st;&b -d;&if -W 300 -x -K 6;&dc2;&if -W 300 -K 6 -v;&mfs;	19.654	6.504(34%)	13.150(66%)	34	12579	85	12494	4511	1680	2861	  11920
157	&scorr;&sweep;&dch -f;&if -W 300 -x -K 6;&synch2;&if -W 300 -K 6 -v;&mfs;&st;&syn4;&syn3;&syn4;&if -W 300 -K 6 -v;&mfs;&st;&dch;&dch;&syn2;&if -W 300 -K 6 -v;&mfs;	20.248	6.977(35%)	13.271(65%)	35	12603	85	12518	4511	1680	2883	  11940
158	&scorr;&sweep;&synch2;&dc2;&dc2;&if -W 300 -K 6 -v;&mfs;	18.496	6.808(37%)	11.688(63%)	37	13262	85	13177	4511	1680	3387	  12858
159	&scorr;&sweep;&dch -f;&if -W 300 -y -K 6;&if -W 300 -K 6 -v;&mfs;&st;&b -d;&dch -f;&dch -f;&if -W 300 -K 6 -v;&mfs;&st;&syn4;&synch2;&dch;&if -W 300 -K 6 -v;&mfs;	18.367	6.729(37%)	11.638(63%)	37	12777	85	12692	4511	1680	2884	  12123
160	&scorr;&sweep;&b -d;&dc2;&if -W 300 -g -K 6;&if -W 300 -K 6 -v;&mfs;	17.775	7.326(42%)	10.449(58%)	42	14107	85	14022	4511	1680	3084	  13754
161	&scorr;&sweep;&if -W 300 -y -K 6;&b -d;&if -W 300 -x -K 6;&if -W 300 -K 6 -v;&mfs;&st;&if -W 300 -g -K 6;&synch2;&b;&if -W 300 -K 6 -v;&mfs;&st;&b;&syn2;&dc2;&if -W 300 -K 6 -v;&mfs;&st;&b -d;&b -d;&if -W 300 -K 6 -v;&mfs;										1789	  17820
162	&scorr;&sweep;&if -W 300 -K 6 -v;&mfs;	17.846	7.187(41%)	10.659(59%)	41	14999	85	14914	4511	1680	3628	  14855
163	&scorr;&sweep;&syn3;&b;&if -W 300 -g -K 6;&if -W 300 -K 6 -v;&mfs;&st;&if -W 300 -g -K 6;&b -d;&if -W 300 -K 6 -v;&mfs;										1771	  16779
164	&scorr;&sweep;&dc2;&if -W 300 -y -K 6;&if -W 300 -x -K 6;&if -W 300 -K 6 -v;&mfs;	17.986	6.458(36%)	11.528(64%)	36	13594	85	13509	4511	1680	3084	  13069
165	&scorr;&sweep;&if -W 300 -g -K 6;&b -d;&dc2;&if -W 300 -K 6 -v;&mfs;	18.363	7.467(41%)	10.896(59%)	41	14160	85	14075	4511	1680	3086	  13761
166	&scorr;&sweep;&if -W 300 -x -K 6;&dch -f;&if -W 300 -K 6 -v;&mfs;	17.989	6.223(35%)	11.766(65%)	35	13270	85	13185	4511	1680	3085	  12771
167	&scorr;&sweep;&b;&synch2;&synch2;&if -W 300 -K 6 -v;&mfs;	20.264	6.758(34%)	13.506(66%)	34	12649	85	12564	4511	1680	3386	  12187
168	&scorr;&sweep;&if -W 300 -x -K 6;&dc2;&if -W 300 -K 6 -v;&mfs;&st;&b;&dch;&if -W 300 -g -K 6;&if -W 300 -K 6 -v;&mfs;&st;&b;&dc2;&if -W 300 -K 6 -v;&mfs;	19.384	6.970(36%)	12.414(64%)	36	12815	85	12730	4511	1680	2883	  12161
169	&scorr;&sweep;&if -W 300 -x -K 6;&if -W 300 -x -K 6;&syn3;&if -W 300 -K 6 -v;&mfs;	19.205	6.686(35%)	12.519(65%)	35	13147	85	13062	4511	1680	3083	  12673
170	&scorr;&sweep;&if -W 300 -g -K 6;&dch;&if -W 300 -x -K 6;&if -W 300 -K 6 -v;&mfs;	18.439	6.287(35%)	12.152(65%)	35	13527	85	13442	4511	1680	3084	  12974
171	&scorr;&sweep;&synch2;&dc2;&if -W 300 -K 6 -v;&mfs;	18.305	6.659(37%)	11.646(63%)	37	13281	85	13196	4511	1680	3386	  12880
172	&scorr;&sweep;&if -W 300 -y -K 6;&if -W 300 -y -K 6;&if -W 300 -x -K 6;&if -W 300 -K 6 -v;&mfs;	18.174	6.535(36%)	11.639(64%)	36	14050	85	13965	4511	1680	3084	  13577
173	&scorr;&sweep;&b -d;&if -W 300 -y -K 6;&b;&if -W 300 -K 6 -v;&mfs;	18.360	6.595(36%)	11.765(64%)	36	13521	85	13436	4511	1680	3082	  13194
174	&scorr;&sweep;&dc2;&b -d;&dch;&if -W 300 -K 6 -v;&mfs;	21.616	7.760(36%)	13.856(64%)	36	13327	85	13242	4511	1680	3629	  12766
175	&scorr;&sweep;&if -W 300 -g -K 6;&b;&if -W 300 -x -K 6;&if -W 300 -K 6 -v;&mfs;	17.537	6.535(38%)	11.002(62%)	38	13669	85	13584	4511	1680	3084	  13270
176	&scorr;&sweep;&b -d;&if -W 300 -x -K 6;&syn2;&if -W 300 -K 6 -v;&mfs;	18.076	6.595(37%)	11.481(63%)	37	13302	85	13217	4511	1680	3082	  12858
177	&scorr;&sweep;&dch;&syn2;&syn3;&if -W 300 -K 6 -v;&mfs;	23.029	7.877(35%)	15.152(65%)	35	12753	85	12668	4511	1680	3325	  12194
178	&scorr;&sweep;&dc2;&if -W 300 -y -K 6;&if -W 300 -K 6 -v;&mfs;&st;&if -W 300 -x -K 6;&synch2;&if -W 300 -g -K 6;&if -W 300 -K 6 -v;&mfs;	18.246	6.790(38%)	11.456(62%)	38	12825	85	12740	4511	1680	2862	  12167
179	&scorr;&sweep;&dch -f;&syn4;&dch;&if -W 300 -K 6 -v;&mfs;&st;&if -W 300 -x -K 6;&synch2;&if -W 300 -y -K 6;&if -W 300 -K 6 -v;&mfs;&st;&syn3;&if -W 300 -K 6 -v;&mfs;	18.348	6.677(37%)	11.671(63%)	37	12421	85	12336	4511	1680	2883	  11753
180	&scorr;&sweep;&syn4;&syn2;&if -W 300 -x -K 6;&if -W 300 -K 6 -v;&mfs;	19.997	7.162(36%)	12.835(64%)	36	12879	85	12794	4511	1680	3085	  12351
181	&scorr;&sweep;&if -W 300 -x -K 6;&dc2;&syn3;&if -W 300 -K 6 -v;&mfs;&st;&if -W 300 -y -K 6;&dch -f;&synch2;&if -W 300 -K 6 -v;&mfs;	19.423	6.959(36%)	12.464(64%)	36	12743	85	12658	4511	1680	2883	  12098
182	&scorr;&sweep;&b -d;&if -W 300 -y -K 6;&if -W 300 -K 6 -v;&mfs;										1790	  18216
183	&scorr;&sweep;&dch -f;&if -W 300 -K 6 -v;&mfs;	20.223	7.180(36%)	13.043(64%)	36	13341	85	13256	4511	1680	3628	  12737
184	&scorr;&sweep;&synch2;&dch;&if -W 300 -K 6 -v;&mfs;	19.210	7.056(37%)	12.154(63%)	37	12881	85	12796	4511	1680	3387	  12355
185	&scorr;&sweep;&if -W 300 -x -K 6;&if -W 300 -g -K 6;&if -W 300 -K 6 -v;&mfs;	17.041	6.233(37%)	10.808(63%)	37	14119	85	14034	4511	1680	3084	  13667
186	&scorr;&sweep;&syn2;&if -W 300 -y -K 6;&dch;&if -W 300 -K 6 -v;&mfs;	20.363	7.180(36%)	13.183(64%)	36	12775	85	12690	4511	1680	3085	  12225
187	&scorr;&sweep;&syn4;&dc2;&if -W 300 -g -K 6;&if -W 300 -K 6 -v;&mfs;	20.811	7.094(35%)	13.717(65%)	35	13487	85	13402	4511	1680	3085	  12920
188	&scorr;&sweep;&if -W 300 -y -K 6;&if -W 300 -y -K 6;&if -W 300 -K 6 -v;&mfs;	18.452	6.273(34%)	12.179(66%)	34	14153	85	14068	4511	1680	3083	  13747
189	&scorr;&sweep;&dc2;&dc2;&syn2;&if -W 300 -K 6 -v;&mfs;	22.180	7.552(35%)	14.628(65%)	35	13065	85	12980	4511	1680	3325	  12546
190	&scorr;&sweep;&dch;&if -W 300 -g -K 6;&dch -f;&if -W 300 -K 6 -v;&mfs;	18.827	6.925(37%)	11.902(63%)	37	13400	85	13315	4511	1680	3085	  12821
191	&scorr;&sweep;&syn3;&b -d;&syn2;&if -W 300 -K 6 -v;&mfs;	20.236	7.101(36%)	13.135(64%)	36	12803	85	12718	4511	1680	3325	  12301
192	&scorr;&sweep;&if -W 300 -g -K 6;&dch;&b -d;&if -W 300 -K 6 -v;&mfs;										1790	  16372
193	&scorr;&sweep;&if -W 300 -g -K 6;&b -d;&syn2;&if -W 300 -K 6 -v;&mfs;	18.886	6.729(36%)	12.157(64%)	36	13199	85	13114	4511	1680	3084	  12778
194	&scorr;&sweep;&syn4;&dch;&dch;&if -W 300 -K 6 -v;&mfs;	24.451	8.132(34%)	16.319(66%)	34	13339	85	13254	4511	1680	3629	  12722
195	&scorr;&sweep;&syn3;&if -W 300 -g -K 6;&b -d;&if -W 300 -K 6 -v;&mfs;										1790	  17317
196	&scorr;&sweep;&syn2;&synch2;&if -W 300 -K 6 -v;&mfs;	19.396	6.846(36%)	12.550(64%)	36	12633	85	12548	4511	1680	3081	  12112
197	&scorr;&sweep;&b -d;&syn2;&syn4;&if -W 300 -K 6 -v;&mfs;	21.278	7.094(34%)	14.184(66%)	34	13172	85	13087	4511	1680	3325	  12726
198	&scorr;&sweep;&syn2;&syn3;&syn4;&if -W 300 -K 6 -v;&mfs;	22.474	7.342(33%)	15.132(67%)	33	12827	85	12742	4511	1680	3325	  12355
199	&scorr;&sweep;&b;&if -W 300 -g -K 6;&b;&if -W 300 -K 6 -v;&mfs;&st;&if -W 300 -g -K 6;&dch;&dch;&if -W 300 -K 6 -v;&mfs;	19.787	6.810(35%)	12.977(65%)	35	12841	85	12756	4511	1680	2883	  12187
200	&scorr;&sweep;&if -W 300 -x -K 6;&b -d;&if -W 300 -K 6 -v;&mfs;&st;&if -W 300 -g -K 6;&syn3;&syn3;&if -W 300 -K 6 -v;&mfs;										1789	  16707
201	&scorr;&sweep;&syn2;&dch -f;&syn3;&if -W 300 -K 6 -v;&mfs;	26.357	8.621(33%)	17.736(67%)	33	12732	85	12647	4511	1680	3325	  12233
202	&scorr;&sweep;&b;&if -W 300 -g -K 6;&dch;&if -W 300 -K 6 -v;&mfs;	20.132	7.031(35%)	13.101(65%)	35	12986	85	12901	4511	1680	3084	  12485
203	&scorr;&sweep;&dc2;&b;&b;&if -W 300 -K 6 -v;&mfs;&st;&if -W 300 -g -K 6;&if -W 300 -g -K 6;&if -W 300 -y -K 6;&if -W 300 -K 6 -v;&mfs;&st;&dc2;&if -W 300 -K 6 -v;&mfs;	18.421	6.476(36%)	11.945(64%)	36	12856	85	12771	4511	1680	2862	  12208
204	&scorr;&sweep;&dch;&dc2;&dch;&if -W 300 -K 6 -v;&mfs;	22.460	7.859(35%)	14.601(65%)	35	13277	85	13192	4511	1680	3629	  12712
205	&scorr;&sweep;&dch -f;&dc2;&syn3;&if -W 300 -K 6 -v;&mfs;	22.734	7.884(35%)	14.850(65%)	35	12913	85	12828	4511	1680	3628	  12380
206	&scorr;&sweep;&dc2;&b;&b -d;&if -W 300 -K 6 -v;&mfs;&st;&if -W 300 -g -K 6;&b;&if -W 300 -y -K 6;&if -W 300 -K 6 -v;&mfs;&st;&if -W 300 -g -K 6;&syn3;&syn3;&if -W 300 -K 6 -v;&mfs;&st;&b -d;&b -d;&syn3;&if -W 300 -K 6 -v;&mfs;&st;&synch2;&syn4;&if -W 300 -K 6 -v;&mfs;&st;&dch;&b -d;&if -W 300 -y -K 6;&if -W 300 -K 6 -v;&mfs;										1843	  15961
207	&scorr;&sweep;&synch2;&b;&if -W 300 -x -K 6;&if -W 300 -K 6 -v;&mfs;	18.480	6.765(37%)	11.715(63%)	37	13003	85	12918	4511	1680	3084	  12591
208	&scorr;&sweep;&if -W 300 -g -K 6;&syn2;&b -d;&if -W 300 -K 6 -v;&mfs;										1789	  15303
209	&scorr;&sweep;&if -W 300 -y -K 6;&dc2;&b -d;&if -W 300 -K 6 -v;&mfs;										1789	  16852
210	&scorr;&sweep;&b;&if -W 300 -g -K 6;&if -W 300 -K 6 -v;&mfs;	17.767	6.474(37%)	11.293(63%)	37	13458	85	13373	4511	1680	3083	  13098
211	&scorr;&sweep;&b;&if -W 300 -K 6 -v;&mfs;	18.155	6.605(37%)	11.550(63%)	37	14076	85	13991	4511	1680	3628	  13711
212	&scorr;&sweep;&if -W 300 -y -K 6;&syn2;&b -d;&if -W 300 -K 6 -v;&mfs;										1790	  15710
213	&scorr;&sweep;&if -W 300 -y -K 6;&b -d;&if -W 300 -g -K 6;&if -W 300 -K 6 -v;&mfs;										1789	  17477
214	&scorr;&sweep;&dch;&if -W 300 -g -K 6;&dch -f;&if -W 300 -K 6 -v;&mfs;	18.827	6.925(37%)	11.902(63%)	37	13400	85	13315	4511	1680	3085	  12821
215	&scorr;&sweep;&syn3;&if -W 300 -K 6 -v;&mfs;	19.828	7.067(36%)	12.761(64%)	36	13074	85	12989	4511	1680	3628	  12603
216	&scorr;&sweep;&if -W 300 -g -K 6;&if -W 300 -g -K 6;&syn2;&if -W 300 -K 6 -v;&mfs;&st;&if -W 300 -y -K 6;&if -W 300 -y -K 6;&if -W 300 -x -K 6;&if -W 300 -K 6 -v;&mfs;&st;&if -W 300 -g -K 6;&b -d;&synch2;&if -W 300 -K 6 -v;&mfs;	18.300	6.562(36%)	11.738(64%)	36	12618	85	12533	4511	1680	2882	  11958
217	&scorr;&sweep;&syn3;&dc2;&if -W 300 -g -K 6;&if -W 300 -K 6 -v;&mfs;&st;&dch -f;&syn2;&if -W 300 -x -K 6;&if -W 300 -K 6 -v;&mfs;	21.179	7.207(35%)	13.972(65%)	35	12583	85	12498	4511	1680	2862	  11922
218	&scorr;&sweep;&b;&dch -f;&if -W 300 -K 6 -v;&mfs;	21.094	7.381(35%)	13.713(65%)	35	12871	85	12786	4511	1680	3628	  12370
219	&scorr;&sweep;&syn2;&b;&b -d;&if -W 300 -K 6 -v;&mfs;										1843	  15714
220	&scorr;&sweep;&if -W 300 -y -K 6;&b -d;&dch -f;&if -W 300 -K 6 -v;&mfs;	17.666	6.197(36%)	11.469(64%)	36	13656	85	13571	4511	1680	3085	  13145
221	&scorr;&sweep;&syn4;&if -W 300 -y -K 6;&dch;&if -W 300 -K 6 -v;&mfs;	21.158	7.225(35%)	13.933(65%)	35	12902	85	12817	4511	1680	3085	  12289
222	&scorr;&sweep;&b -d;&synch2;&dch -f;&if -W 300 -K 6 -v;&mfs;&st;&dc2;&if -W 300 -g -K 6;&if -W 300 -y -K 6;&if -W 300 -K 6 -v;&mfs;	17.311	6.560(38%)	10.751(62%)	38	12773	85	12688	4511	1680	2862	  12125
223	&scorr;&sweep;&syn4;&synch2;&if -W 300 -y -K 6;&if -W 300 -K 6 -v;&mfs;&st;&b -d;&synch2;&if -W 300 -g -K 6;&if -W 300 -K 6 -v;&mfs;	20.689	7.137(35%)	13.552(65%)	35	12543	85	12458	4511	1680	2883	  11885
224	&scorr;&sweep;&if -W 300 -y -K 6;&b;&if -W 300 -K 6 -v;&mfs;	18.148	6.605(37%)	11.543(63%)	37	13760	85	13675	4511	1680	3084	  13405
225	&scorr;&sweep;&synch2;&b -d;&b -d;&if -W 300 -K 6 -v;&mfs;&st;&if -W 300 -g -K 6;&b -d;&if -W 300 -y -K 6;&if -W 300 -K 6 -v;&mfs;										1789	  17424
226	&scorr;&sweep;&if -W 300 -x -K 6;&dch;&if -W 300 -K 6 -v;&mfs;	19.100	6.932(37%)	12.168(63%)	37	13117	85	13032	4511	1680	3085	  12612
227	&scorr;&sweep;&if -W 300 -y -K 6;&if -W 300 -y -K 6;&if -W 300 -y -K 6;&if -W 300 -K 6 -v;&mfs;	18.013	6.553(37%)	11.460(63%)	37	14157	85	14072	4511	1680	3083	  13724
228	&scorr;&sweep;&dc2;&syn4;&dch -f;&if -W 300 -K 6 -v;&mfs;&st;&syn2;&synch2;&synch2;&if -W 300 -K 6 -v;&mfs;	18.681	6.808(37%)	11.873(63%)	37	12526	85	12441	4511	1680	2884	  11896
229	&scorr;&sweep;&syn3;&syn4;&if -W 300 -x -K 6;&if -W 300 -K 6 -v;&mfs;	20.928	7.218(35%)	13.710(65%)	35	12913	85	12828	4511	1680	3084	  12462
230	&scorr;&sweep;&syn3;&synch2;&synch2;&if -W 300 -K 6 -v;&mfs;	19.596	6.925(36%)	12.671(64%)	36	12632	85	12547	4511	1680	3386	  12129
231	&scorr;&sweep;&if -W 300 -x -K 6;&if -W 300 -y -K 6;&if -W 300 -K 6 -v;&mfs;&st;&b;&synch2;&if -W 300 -K 6 -v;&mfs;&st;&if -W 300 -x -K 6;&dch -f;&if -W 300 -K 6 -v;&mfs;	18.829	6.711(36%)	12.118(64%)	36	12451	85	12366	4511	1680	2883	  11771
232	&scorr;&sweep;&dch;&if -W 300 -y -K 6;&b;&if -W 300 -K 6 -v;&mfs;	19.362	6.645(35%)	12.717(65%)	35	13000	85	12915	4511	1680	3085	  12443
233	&scorr;&sweep;&syn3;&syn3;&if -W 300 -x -K 6;&if -W 300 -K 6 -v;&mfs;	21.186	7.428(36%)	13.758(64%)	36	12729	85	12644	4511	1680	3081	  12299
234	&scorr;&sweep;&syn2;&b;&dc2;&if -W 300 -K 6 -v;&mfs;&st;&syn4;&syn4;&syn4;&if -W 300 -K 6 -v;&mfs;&st;&dch -f;&dch -f;&if -W 300 -K 6 -v;&mfs;	21.899	7.611(35%)	14.288(65%)	35	12679	85	12594	4511	1680	3326	  12012
235	&scorr;&sweep;&dc2;&if -W 300 -g -K 6;&syn2;&if -W 300 -K 6 -v;&mfs;	18.937	6.704(36%)	12.233(64%)	36	13147	85	13062	4511	1680	3084	  12624
236	&scorr;&sweep;&if -W 300 -y -K 6;&syn2;&syn4;&if -W 300 -K 6 -v;&mfs;	20.047	7.049(36%)	12.998(64%)	36	13013	85	12928	4511	1680	3084	  12549
237	&scorr;&sweep;&b;&b;&dch -f;&if -W 300 -K 6 -v;&mfs;&st;&if -W 300 -x -K 6;&if -W 300 -g -K 6;&syn3;&if -W 300 -K 6 -v;&mfs;	21.561	7.428(35%)	14.133(65%)	35	12374	85	12289	4511	1680	2883	  11704
238	&scorr;&sweep;&dch;&syn3;&dch;&if -W 300 -K 6 -v;&mfs;	25.020	8.231(33%)	16.789(67%)	33	12684	85	12599	4511	1680	3629	  12105
239	&scorr;&sweep;&synch2;&syn3;&dch;&if -W 300 -K 6 -v;&mfs;	20.453	7.173(36%)	13.280(64%)	36	12687	85	12602	4511	1680	3387	  12197
240	&scorr;&sweep;&syn4;&if -W 300 -g -K 6;&syn2;&if -W 300 -K 6 -v;&mfs;&st;&dc2;&dch;&dch;&if -W 300 -K 6 -v;&mfs;	19.709	6.977(36%)	12.732(64%)	36	12889	85	12804	4511	1680	2884	  12254
241	&scorr;&sweep;&if -W 300 -x -K 6;&dch -f;&if -W 300 -x -K 6;&if -W 300 -K 6 -v;&mfs;	17.612	6.535(38%)	11.077(62%)	38	13542	85	13457	4511	1680	3085	  13000
242	&scorr;&sweep;&dc2;&dc2;&if -W 300 -K 6 -v;&mfs;	21.748	7.552(35%)	14.196(65%)	35	13518	85	13433	4511	1680	3628	  12991
243	&scorr;&sweep;&if -W 300 -g -K 6;&dc2;&dch -f;&if -W 300 -K 6 -v;&mfs;	18.705	7.811(42%)	10.894(58%)	42	13621	85	13536	4511	1680	3085	  13103
244	&scorr;&sweep;&dch -f;&dch;&dc2;&if -W 300 -K 6 -v;&mfs;	22.005	7.760(36%)	14.245(64%)	36	13269	85	13184	4511	1680	3629	  12793
245	&scorr;&sweep;&syn3;&dc2;&if -W 300 -K 6 -v;&mfs;	25.246	8.373(34%)	16.873(66%)	34	13029	85	12944	4511	1680	3628	  12608
246	&scorr;&sweep;&syn2;&syn4;&syn3;&if -W 300 -K 6 -v;&mfs;	22.349	7.466(34%)	14.883(66%)	34	12845	85	12760	4511	1680	3325	  12395
247	&scorr;&sweep;&if -W 300 -g -K 6;&if -W 300 -y -K 6;&dch;&if -W 300 -K 6 -v;&mfs;&st;&if -W 300 -g -K 6;&if -W 300 -y -K 6;&b -d;&if -W 300 -K 6 -v;&mfs;&st;&if -W 300 -x -K 6;&b;&syn2;&if -W 300 -K 6 -v;&mfs;										1772	  17747
248	&scorr;&sweep;&b;&if -W 300 -x -K 6;&syn3;&if -W 300 -K 6 -v;&mfs;	20.224	6.970(35%)	13.254(65%)	35	13029	85	12944	4511	1680	3083	  12616
249	&scorr;&sweep;&dch -f;&if -W 300 -x -K 6;&if -W 300 -K 6 -v;&mfs;&st;&syn2;&syn4;&b;&if -W 300 -K 6 -v;&mfs;	20.668	7.173(35%)	13.495(65%)	35	12999	85	12914	4511	1680	2884	  12372
250	&scorr;&sweep;&dch -f;&dch -f;&syn2;&if -W 300 -K 6 -v;&mfs;&st;&synch2;&b;&dc2;&if -W 300 -K 6 -v;&mfs;	19.692	6.846(35%)	12.846(65%)	35	12891	85	12806	4511	1680	2883	  12248
251	&scorr;&sweep;&synch2;&syn3;&dch -f;&if -W 300 -K 6 -v;&mfs;	20.807	7.304(36%)	13.503(64%)	36	12736	85	12651	4511	1680	3387	  12234
252	&scorr;&sweep;&if -W 300 -y -K 6;&syn3;&synch2;&if -W 300 -K 6 -v;&mfs;&st;&dch -f;&dch;&syn2;&if -W 300 -K 6 -v;&mfs;&st;&b -d;&syn4;&syn4;&if -W 300 -K 6 -v;&mfs;&st;&dch;&synch2;&syn2;&if -W 300 -K 6 -v;&mfs;	20.046	7.049(36%)	12.997(64%)	36	12712	85	12627	4511	1680	2861	  12064
253	&scorr;&sweep;&syn2;&if -W 300 -g -K 6;&b;&if -W 300 -K 6 -v;&mfs;&st;&if -W 300 -g -K 6;&if -W 300 -x -K 6;&if -W 300 -K 6 -v;&mfs;&st;&dch;&syn2;&dch;&if -W 300 -K 6 -v;&mfs;	20.412	7.083(35%)	13.329(65%)	35	12513	85	12428	4511	1680	2882	  11834
254	&scorr;&sweep;&dc2;&if -W 300 -y -K 6;&if -W 300 -g -K 6;&if -W 300 -K 6 -v;&mfs;	17.584	6.463(37%)	11.121(63%)	37	13600	85	13515	4511	1680	3084	  13075
255	&scorr;&sweep;&dch;&if -W 300 -y -K 6;&if -W 300 -K 6 -v;&mfs;	19.125	6.645(35%)	12.480(65%)	35	13337	85	13252	4511	1680	3085	  12778
256	&scorr;&sweep;&if -W 300 -g -K 6;&b;&if -W 300 -y -K 6;&if -W 300 -K 6 -v;&mfs;	17.465	6.517(38%)	10.948(62%)	38	13658	85	13573	4511	1680	3084	  13271
257	&scorr;&sweep;&synch2;&syn3;&dch;&if -W 300 -K 6 -v;&mfs;&st;&b;&if -W 300 -g -K 6;&dch;&if -W 300 -K 6 -v;&mfs;	20.208	7.180(36%)	13.028(64%)	36	12484	85	12399	4511	1680	2862	  11804
258	&scorr;&sweep;&synch2;&syn2;&dc2;&if -W 300 -K 6 -v;&mfs;	19.913	7.049(36%)	12.864(64%)	36	12970	85	12885	4511	1680	3085	  12574
259	&scorr;&sweep;&dch -f;&b -d;&syn3;&if -W 300 -K 6 -v;&mfs;&st;&dch;&syn2;&dch;&if -W 300 -K 6 -v;&mfs;	22.944	7.874(35%)	15.070(65%)	35	12556	85	12471	4511	1680	3326	  11900
260	&scorr;&sweep;&syn4;&if -W 300 -y -K 6;&if -W 300 -y -K 6;&if -W 300 -K 6 -v;&mfs;	19.263	6.729(35%)	12.534(65%)	35	13282	85	13197	4511	1680	3085	  12761
261	&scorr;&sweep;&if -W 300 -y -K 6;&b -d;&b -d;&if -W 300 -K 6 -v;&mfs;&st;&if -W 300 -x -K 6;&syn2;&b;&if -W 300 -K 6 -v;&mfs;										1789	  17247
262	&scorr;&sweep;&syn4;&if -W 300 -y -K 6;&if -W 300 -K 6 -v;&mfs;	18.954	6.598(35%)	12.356(65%)	35	13224	85	13139	4511	1680	3085	  12724
263	&scorr;&sweep;&syn3;&dc2;&if -W 300 -K 6 -v;&mfs;	25.246	8.373(34%)	16.873(66%)	34	13029	85	12944	4511	1680	3628	  12608
264	&scorr;&sweep;&dc2;&dch -f;&if -W 300 -K 6 -v;&mfs;	22.971	8.001(35%)	14.970(65%)	35	13441	85	13356	4511	1680	3628	  12880
265	&scorr;&sweep;&syn4;&if -W 300 -g -K 6;&if -W 300 -y -K 6;&if -W 300 -K 6 -v;&mfs;	19.267	6.729(35%)	12.538(65%)	35	13148	85	13063	4511	1680	3085	  12641
266	&scorr;&sweep;&syn2;&if -W 300 -x -K 6;&b;&if -W 300 -K 6 -v;&mfs;	19.034	6.719(36%)	12.315(64%)	36	13078	85	12993	4511	1680	3081	  12660
267	&scorr;&sweep;&syn3;&dch;&syn3;&if -W 300 -K 6 -v;&mfs;	25.685	8.497(34%)	17.188(66%)	34	12678	85	12593	4511	1680	3628	  12155
268	&scorr;&sweep;&if -W 300 -y -K 6;&b -d;&synch2;&if -W 300 -K 6 -v;&mfs;&st;&syn4;&dc2;&if -W 300 -x -K 6;&if -W 300 -K 6 -v;&mfs;	20.602	7.101(35%)	13.501(65%)	35	13478	85	13393	4511	1680	2884	  12876
269	&scorr;&sweep;&if -W 300 -x -K 6;&synch2;&syn2;&if -W 300 -K 6 -v;&mfs;	18.962	6.528(35%)	12.434(65%)	35	12971	85	12886	4511	1680	3083	  12616
270	&scorr;&sweep;&synch2;&b;&synch2;&if -W 300 -K 6 -v;&mfs;&st;&dc2;&dc2;&if -W 300 -y -K 6;&if -W 300 -K 6 -v;&mfs;	18.989	6.801(36%)	12.188(64%)	36	12715	85	12630	4511	1680	2862	  12066
271	&scorr;&sweep;&syn2;&syn4;&synch2;&if -W 300 -K 6 -v;&mfs;&st;&syn2;&syn2;&if -W 300 -g -K 6;&if -W 300 -K 6 -v;&mfs;&st;&dch;&if -W 300 -y -K 6;&b;&if -W 300 -K 6 -v;&mfs;	20.511	7.173(35%)	13.338(65%)	35	12495	85	12410	4511	1680	2883	  11822
272	&scorr;&sweep;&syn4;&if -W 300 -g -K 6;&if -W 300 -K 6 -v;&mfs;&st;&if -W 300 -g -K 6;&synch2;&syn2;&if -W 300 -K 6 -v;&mfs;	19.517	6.587(34%)	12.930(66%)	34	12670	85	12585	4511	1680	2862	  12029
273	&scorr;&sweep;&if -W 300 -x -K 6;&if -W 300 -x -K 6;&syn2;&if -W 300 -K 6 -v;&mfs;	17.660	6.438(37%)	11.222(63%)	37	13273	85	13188	4511	1680	3083	  12795
274	&scorr;&sweep;&b;&dc2;&if -W 300 -K 6 -v;&mfs;&st;&if -W 300 -x -K 6;&syn2;&syn4;&if -W 300 -K 6 -v;&mfs;	25.159	8.249(33%)	16.910(67%)	33	12891	85	12806	4511	1680	3325	  12240
275	&scorr;&sweep;&if -W 300 -y -K 6;&syn4;&synch2;&if -W 300 -K 6 -v;&mfs;	18.137	6.808(38%)	11.329(62%)	38	12641	85	12556	4511	1680	3083	  12094
276	&scorr;&sweep;&b -d;&synch2;&if -W 300 -g -K 6;&if -W 300 -K 6 -v;&mfs;	18.509	6.553(36%)	11.956(64%)	36	12920	85	12835	4511	1680	3084	  12420
277	&scorr;&sweep;&b -d;&syn3;&if -W 300 -K 6 -v;&mfs;&st;&syn4;&if -W 300 -g -K 6;&b -d;&if -W 300 -K 6 -v;&mfs;&st;&if -W 300 -y -K 6;&syn4;&if -W 300 -x -K 6;&if -W 300 -K 6 -v;&mfs;&st;&if -W 300 -g -K 6;&b -d;&dch -f;&if -W 300 -K 6 -v;&mfs;&st;&b -d;&syn2;&dc2;&if -W 300 -K 6 -v;&mfs;										1771	  15679
278	&scorr;&sweep;&if -W 300 -x -K 6;&if -W 300 -y -K 6;&if -W 300 -x -K 6;&if -W 300 -K 6 -v;&mfs;	17.365	6.418(37%)	10.947(63%)	37	13993	85	13908	4511	1680	3083	  13537
279	&scorr;&sweep;&if -W 300 -y -K 6;&b -d;&if -W 300 -K 6 -v;&mfs;&st;&dch -f;&b -d;&syn3;&if -W 300 -K 6 -v;&mfs;										1789	  17359
280	&scorr;&sweep;&b -d;&syn3;&if -W 300 -K 6 -v;&mfs;	18.685	6.950(38%)	11.735(62%)	38	13059	85	12974	4511	1680	3628	  12570
281	&scorr;&sweep;&synch2;&synch2;&b -d;&if -W 300 -K 6 -v;&mfs;										1789	  17067
282	&scorr;&sweep;&b;&syn3;&dch -f;&if -W 300 -K 6 -v;&mfs;&st;&dch;&b;&syn3;&if -W 300 -K 6 -v;&mfs;	24.569	8.249(34%)	16.320(66%)	34	12577	85	12492	4511	1680	3628	  11916
283	&scorr;&sweep;&syn2;&syn2;&if -W 300 -x -K 6;&if -W 300 -K 6 -v;&mfs;	19.151	6.914(37%)	12.237(63%)	37	12845	85	12760	4511	1680	3083	  12395
284	&scorr;&sweep;&syn4;&syn4;&syn2;&if -W 300 -K 6 -v;&mfs;	22.718	7.448(33%)	15.270(67%)	33	12733	85	12648	4511	1680	3325	  12189
285	&scorr;&sweep;&syn3;&syn2;&synch2;&if -W 300 -K 6 -v;&mfs;	19.692	6.932(36%)	12.760(64%)	36	12524	85	12439	4511	1680	3083	  11996
286	&scorr;&sweep;&dch;&dc2;&if -W 300 -g -K 6;&if -W 300 -K 6 -v;&mfs;	18.409	6.580(36%)	11.829(64%)	36	13405	85	13320	4511	1680	3085	  12848
287	&scorr;&sweep;&syn3;&b -d;&dch -f;&if -W 300 -K 6 -v;&mfs;&st;&syn3;&syn4;&b;&if -W 300 -K 6 -v;&mfs;&st;&if -W 300 -y -K 6;&syn4;&if -W 300 -K 6 -v;&mfs;	20.663	7.225(35%)	13.438(65%)	35	12712	85	12627	4511	1680	2861	  12052
288	&scorr;&sweep;&syn4;&syn4;&if -W 300 -K 6 -v;&mfs;	23.181	7.590(33%)	15.591(67%)	33	13023	85	12938	4511	1680	3629	  12489
289	&scorr;&sweep;&syn2;&if -W 300 -y -K 6;&if -W 300 -x -K 6;&if -W 300 -K 6 -v;&mfs;	18.485	6.783(37%)	11.702(63%)	37	13097	85	13012	4511	1680	3082	  12674
290	&scorr;&sweep;&b -d;&dc2;&dc2;&if -W 300 -K 6 -v;&mfs;	22.185	7.760(35%)	14.425(65%)	35	13843	85	13758	4511	1680	3628	  13515
291	&scorr;&sweep;&syn4;&b;&syn4;&if -W 300 -K 6 -v;&mfs;	22.031	7.342(34%)	14.689(66%)	34	13005	85	12920	4511	1680	3629	  12462
292	&scorr;&sweep;&synch2;&syn3;&dch -f;&if -W 300 -K 6 -v;&mfs;	20.807	7.304(36%)	13.503(64%)	36	12736	85	12651	4511	1680	3387	  12234
293	&scorr;&sweep;&if -W 300 -y -K 6;&if -W 300 -y -K 6;&if -W 300 -K 6 -v;&mfs;	18.452	6.273(34%)	12.179(66%)	34	14153	85	14068	4511	1680	3083	  13747
294	&scorr;&sweep;&syn3;&dc2;&if -W 300 -K 6 -v;&mfs;	25.246	8.373(34%)	16.873(66%)	34	13029	85	12944	4511	1680	3628	  12608
295	&scorr;&sweep;&dc2;&syn2;&if -W 300 -K 6 -v;&mfs;	22.495	7.884(36%)	14.611(64%)	36	13146	85	13061	4511	1680	3325	  12628
296	&scorr;&sweep;&dch;&b;&dch -f;&if -W 300 -K 6 -v;&mfs;&st;&b;&synch2;&syn4;&if -W 300 -K 6 -v;&mfs;	19.635	6.846(35%)	12.789(65%)	35	12780	85	12695	4511	1680	3187	  12158
297	&scorr;&sweep;&syn2;&if -W 300 -g -K 6;&dch -f;&if -W 300 -K 6 -v;&mfs;&st;&syn3;&if -W 300 -y -K 6;&if -W 300 -x -K 6;&if -W 300 -K 6 -v;&mfs;	21.299	7.261(35%)	14.038(65%)	35	12422	85	12337	4511	1680	2883	  11761
298	&scorr;&sweep;&dc2;&if -W 300 -y -K 6;&dch -f;&if -W 300 -K 6 -v;&mfs;	19.280	6.600(35%)	12.680(65%)	35	13407	85	13322	4511	1680	3085	  12878
299	&scorr;&sweep;&if -W 300 -g -K 6;&synch2;&dc2;&if -W 300 -K 6 -v;&mfs;&st;&syn4;&syn2;&if -W 300 -K 6 -v;&mfs;	19.371	6.925(36%)	12.446(64%)	36	12878	85	12793	4511	1680	2922	  12218
300	&scorr;&sweep;&b -d;&if -W 300 -K 6 -v;&mfs;										1843	  17599
301	&scorr;&sweep;&dch;&synch2;&syn2;&if -W 300 -K 6 -v;&mfs;	18.228	6.801(38%)	11.427(62%)	38	12932	85	12847	4511	1680	3084	  12395
302	&scorr;&sweep;&syn2;&dch;&if -W 300 -K 6 -v;&mfs;	23.901	8.132(35%)	15.769(65%)	35	12727	85	12642	4511	1680	3325	  12188
303	&scorr;&sweep;&b;&synch2;&if -W 300 -x -K 6;&if -W 300 -K 6 -v;&mfs;	19.611	6.846(35%)	12.765(65%)	35	12643	85	12558	4511	1680	3083	  12137
304	&scorr;&sweep;&syn2;&dch -f;&dch -f;&if -W 300 -K 6 -v;&mfs;	23.408	8.001(35%)	15.407(65%)	35	12908	85	12823	4511	1680	3325	  12368
305	&scorr;&sweep;&dc2;&syn2;&dch;&if -W 300 -K 6 -v;&mfs;	24.421	8.249(34%)	16.172(66%)	34	12847	85	12762	4511	1680	3326	  12274
306	&scorr;&sweep;&b -d;&syn3;&dch -f;&if -W 300 -K 6 -v;&mfs;	21.928	7.735(36%)	14.193(64%)	36	12733	85	12648	4511	1680	3628	  12197
307	&scorr;&sweep;&syn4;&b -d;&syn4;&if -W 300 -K 6 -v;&mfs;	21.998	7.342(34%)	14.656(66%)	34	13010	85	12925	4511	1680	3629	  12476
308	&scorr;&sweep;&dch;&dch -f;&dch -f;&if -W 300 -K 6 -v;&mfs;	22.022	7.636(35%)	14.386(65%)	35	13345	85	13260	4511	1680	3628	  12814
309	&scorr;&sweep;&syn4;&if -W 300 -y -K 6;&syn2;&if -W 300 -K 6 -v;&mfs;	20.755	7.076(35%)	13.679(65%)	35	12945	85	12860	4511	1680	3084	  12389
310	&scorr;&sweep;&dc2;&b;&dch -f;&if -W 300 -K 6 -v;&mfs;	22.851	7.877(35%)	14.974(65%)	35	13030	85	12945	4511	1680	3628	  12486
311	&scorr;&sweep;&dc2;&syn4;&if -W 300 -y -K 6;&if -W 300 -K 6 -v;&mfs;	18.618	6.808(37%)	11.810(63%)	37	13258	85	13173	4511	1680	3084	  12728
312	&scorr;&sweep;&dch;&if -W 300 -x -K 6;&if -W 300 -x -K 6;&if -W 300 -K 6 -v;&mfs;	18.541	6.521(36%)	12.020(64%)	36	13341	85	13256	4511	1680	3084	  12778
313	&scorr;&sweep;&syn3;&b -d;&if -W 300 -K 6 -v;&mfs;										1843	  14487
314	&scorr;&sweep;&if -W 300 -g -K 6;&if -W 300 -g -K 6;&synch2;&if -W 300 -K 6 -v;&mfs;&st;&syn4;&syn2;&b;&if -W 300 -K 6 -v;&mfs;	22.011	7.342(34%)	14.669(66%)	34	12810	85	12725	4511	1680	2883	  12160
315	&scorr;&sweep;&dc2;&b;&syn3;&if -W 300 -K 6 -v;&mfs;	23.707	8.132(35%)	15.575(65%)	35	12993	85	12908	4511	1680	3628	  12464
316	&scorr;&sweep;&if -W 300 -y -K 6;&if -W 300 -y -K 6;&if -W 300 -x -K 6;&if -W 300 -K 6 -v;&mfs;&st;&syn4;&if -W 300 -g -K 6;&syn2;&if -W 300 -K 6 -v;&mfs;	19.043	6.722(36%)	12.321(64%)	36	12807	85	12722	4511	1680	2884	  12163
317	&scorr;&sweep;&dch;&if -W 300 -x -K 6;&dc2;&if -W 300 -K 6 -v;&mfs;	18.606	6.587(36%)	12.019(64%)	36	13277	85	13192	4511	1680	3084	  12719
318	&scorr;&sweep;&syn2;&if -W 300 -g -K 6;&if -W 300 -x -K 6;&if -W 300 -K 6 -v;&mfs;	18.365	6.659(37%)	11.706(63%)	37	13188	85	13103	4511	1680	3082	  12752
319	&scorr;&sweep;&synch2;&b;&dch -f;&if -W 300 -K 6 -v;&mfs;	19.741	6.711(34%)	13.030(66%)	34	12804	85	12719	4511	1680	3388	  12300
320	&scorr;&sweep;&if -W 300 -g -K 6;&syn4;&dc2;&if -W 300 -K 6 -v;&mfs;&st;&syn4;&syn4;&if -W 300 -K 6 -v;&mfs;	21.393	7.218(34%)	14.175(66%)	34	13271	85	13186	4511	1680	2884	  12606
321	&scorr;&sweep;&b -d;&b -d;&if -W 300 -K 6 -v;&mfs;										1843	  17493
322	&scorr;&sweep;&dch;&dch;&b -d;&if -W 300 -K 6 -v;&mfs;										1843	  16666
323	&scorr;&sweep;&syn4;&b;&if -W 300 -x -K 6;&if -W 300 -K 6 -v;&mfs;&st;&syn4;&syn4;&if -W 300 -x -K 6;&if -W 300 -K 6 -v;&mfs;	21.557	7.025(33%)	14.532(67%)	33	12940	85	12855	4511	1680	2883	  12283
324	&scorr;&sweep;&synch2;&synch2;&syn2;&if -W 300 -K 6 -v;&mfs;	20.012	6.744(34%)	13.268(66%)	34	12860	85	12775	4511	1680	3084	  12406
325	&scorr;&sweep;&if -W 300 -g -K 6;&syn3;&dch -f;&if -W 300 -K 6 -v;&mfs;	22.454	7.247(33%)	15.207(67%)	33	12731	85	12646	4511	1680	3085	  12182
326	&scorr;&sweep;&synch2;&if -W 300 -g -K 6;&if -W 300 -g -K 6;&if -W 300 -K 6 -v;&mfs;	20.852	7.173(35%)	13.679(65%)	35	13050	85	12965	4511	1680	3084	  12560
327	&scorr;&sweep;&b -d;&b -d;&syn3;&if -W 300 -K 6 -v;&mfs;&st;&if -W 300 -x -K 6;&if -W 300 -g -K 6;&if -W 300 -K 6 -v;&mfs;	17.847	6.474(37%)	11.373(63%)	37	12719	85	12634	4511	1680	2885	  12051
328	&scorr;&sweep;&syn4;&syn4;&b -d;&if -W 300 -K 6 -v;&mfs;										1843	  16041
329	&scorr;&sweep;&b -d;&b -d;&dc2;&if -W 300 -K 6 -v;&mfs;&st;&dch;&synch2;&synch2;&if -W 300 -K 6 -v;&mfs;&st;&b -d;&syn2;&if -W 300 -K 6 -v;&mfs;	20.423	7.225(36%)	13.198(64%)	36	12734	85	12649	4511	1680	2923	  12078
330	&scorr;&sweep;&dc2;&b;&dch;&if -W 300 -K 6 -v;&mfs;	23.002	8.001(35%)	15.001(65%)	35	12997	85	12912	4511	1680	3629	  12437
331	&scorr;&sweep;&syn2;&syn2;&if -W 300 -x -K 6;&if -W 300 -K 6 -v;&mfs;	19.151	6.914(37%)	12.237(63%)	37	12845	85	12760	4511	1680	3083	  12395
332	&scorr;&sweep;&if -W 300 -x -K 6;&if -W 300 -x -K 6;&syn4;&if -W 300 -K 6 -v;&mfs;	18.801	6.801(37%)	12.000(63%)	37	13231	85	13146	4511	1680	3083	  12748
333	&scorr;&sweep;&dc2;&syn3;&dch -f;&if -W 300 -K 6 -v;&mfs;	24.072	8.256(35%)	15.816(65%)	35	12790	85	12705	4511	1680	3628	  12207
334	&scorr;&sweep;&syn4;&b;&syn2;&if -W 300 -K 6 -v;&mfs;	21.712	7.349(34%)	14.363(66%)	34	12904	85	12819	4511	1680	3325	  12362
335	&scorr;&sweep;&if -W 300 -g -K 6;&synch2;&if -W 300 -y -K 6;&if -W 300 -K 6 -v;&mfs;&st;&syn4;&b;&dch;&if -W 300 -K 6 -v;&mfs;	20.942	7.076(34%)	13.866(66%)	34	12712	85	12627	4511	1680	2884	  12071
336	&scorr;&sweep;&b;&if -W 300 -y -K 6;&b;&if -W 300 -K 6 -v;&mfs;&st;&synch2;&if -W 300 -g -K 6;&if -W 300 -K 6 -v;&mfs;	19.369	6.835(36%)	12.534(64%)	36	12895	85	12810	4511	1680	2883	  12218
337	&scorr;&sweep;&if -W 300 -g -K 6;&syn2;&if -W 300 -x -K 6;&if -W 300 -K 6 -v;&mfs;	17.621	6.659(38%)	10.962(62%)	38	13126	85	13041	4511	1680	3083	  12672
338	&scorr;&sweep;&if -W 300 -g -K 6;&syn2;&dch -f;&if -W 300 -K 6 -v;&mfs;	19.331	6.922(36%)	12.409(64%)	36	12883	85	12798	4511	1680	3084	  12385
339	&scorr;&sweep;&syn4;&synch2;&b -d;&if -W 300 -K 6 -v;&mfs;&st;&syn3;&b;&if -W 300 -K 6 -v;&mfs;										1789	  16630
340	&scorr;&sweep;&syn2;&if -W 300 -x -K 6;&dc2;&if -W 300 -K 6 -v;&mfs;	19.200	6.846(36%)	12.354(64%)	36	13192	85	13107	4511	1680	3084	  12836
341	&scorr;&sweep;&dc2;&syn3;&dch -f;&if -W 300 -K 6 -v;&mfs;	24.072	8.256(35%)	15.816(65%)	35	12790	85	12705	4511	1680	3628	  12207
342	&scorr;&sweep;&if -W 300 -x -K 6;&if -W 300 -x -K 6;&if -W 300 -K 6 -v;&mfs;	17.517	6.215(36%)	11.302(64%)	36	13975	85	13890	4511	1680	3083	  13570
343	&scorr;&sweep;&dch;&syn2;&b;&if -W 300 -K 6 -v;&mfs;	23.293	8.001(35%)	15.292(65%)	35	12863	85	12778	4511	1680	3325	  12304
344	&scorr;&sweep;&dch -f;&if -W 300 -g -K 6;&if -W 300 -K 6 -v;&mfs;	18.762	6.711(36%)	12.051(64%)	36	13498	85	13413	4511	1680	3084	  12917
345	&scorr;&sweep;&if -W 300 -y -K 6;&if -W 300 -y -K 6;&if -W 300 -g -K 6;&if -W 300 -K 6 -v;&mfs;&st;&if -W 300 -y -K 6;&if -W 300 -x -K 6;&dch;&if -W 300 -K 6 -v;&mfs;&st;&if -W 300 -x -K 6;&dch -f;&if -W 300 -K 6 -v;&mfs;&st;&if -W 300 -y -K 6;&syn2;&if -W 300 -y -K 6;&if -W 300 -K 6 -v;&mfs;	19.126	6.932(37%)	12.194(63%)	37	12604	85	12519	4511	1680	2861	  11929
346	&scorr;&sweep;&if -W 300 -x -K 6;&b -d;&syn4;&if -W 300 -K 6 -v;&mfs;&st;&if -W 300 -x -K 6;&synch2;&dch -f;&if -W 300 -K 6 -v;&mfs;	18.881	6.835(37%)	12.046(63%)	37	12709	85	12624	4511	1680	2862	  12046
347	&scorr;&sweep;&syn3;&dch;&b;&if -W 300 -K 6 -v;&mfs;&st;&dch;&b -d;&syn2;&if -W 300 -K 6 -v;&mfs;	24.161	8.107(34%)	16.054(66%)	34	12444	85	12359	4511	1680	3325	  11782
348	&scorr;&sweep;&syn4;&dc2;&b -d;&if -W 300 -K 6 -v;&mfs;&st;&synch2;&syn4;&syn4;&if -W 300 -K 6 -v;&mfs;										1843	  17247
349	&scorr;&sweep;&b;&dch -f;&if -W 300 -K 6 -v;&mfs;&st;&syn2;&syn4;&syn2;&if -W 300 -K 6 -v;&mfs;	24.295	7.924(33%)	16.371(67%)	33	12499	85	12414	4511	1680	3326	  11836
350	&scorr;&sweep;&dch;&if -W 300 -g -K 6;&if -W 300 -K 6 -v;&mfs;&st;&syn2;&if -W 300 -y -K 6;&dch -f;&if -W 300 -K 6 -v;&mfs;	18.707	6.853(37%)	11.854(63%)	37	12705	85	12620	4511	1680	2921	  12050
351	&scorr;&sweep;&if -W 300 -x -K 6;&b -d;&synch2;&if -W 300 -K 6 -v;&mfs;	17.874	6.684(38%)	11.190(62%)	38	12982	85	12897	4511	1680	3082	  12564
352	&scorr;&sweep;&b -d;&syn4;&if -W 300 -K 6 -v;&mfs;	18.434	6.598(36%)	11.836(64%)	36	13348	85	13263	4511	1680	3629	  12808
353	&scorr;&sweep;&b;&dc2;&if -W 300 -y -K 6;&if -W 300 -K 6 -v;&mfs;	18.945	6.835(37%)	12.110(63%)	37	13160	85	13075	4511	1680	3083	  12759
354	&scorr;&sweep;&synch2;&if -W 300 -K 6 -v;&mfs;	18.145	6.677(37%)	11.468(63%)	37	13067	85	12982	4511	1680	3386	  12566
355	&scorr;&sweep;&b -d;&b -d;&syn2;&if -W 300 -K 6 -v;&mfs;	17.785	6.471(37%)	11.314(63%)	37	13136	85	13051	4511	1680	3325	  12713
356	&scorr;&sweep;&synch2;&dch;&dch -f;&if -W 300 -K 6 -v;&mfs;&st;&syn3;&b;&b -d;&if -W 300 -K 6 -v;&mfs;										1772	  17244
357	&scorr;&sweep;&dch;&syn2;&dc2;&if -W 300 -K 6 -v;&mfs;	25.999	8.296(32%)	17.703(68%)	32	13005	85	12920	4511	1680	3325	  12451
358	&scorr;&sweep;&dc2;&dch;&if -W 300 -K 6 -v;&mfs;	23.087	7.676(34%)	15.411(66%)	34	13295	85	13210	4511	1680	3629	  12751
359	&scorr;&sweep;&dch;&synch2;&synch2;&if -W 300 -K 6 -v;&mfs;	17.920	6.404(36%)	11.516(64%)	36	12725	85	12640	4511	1680	3387	  12190
360	&scorr;&sweep;&if -W 300 -x -K 6;&b;&dc2;&if -W 300 -K 6 -v;&mfs;	19.164	6.846(36%)	12.318(64%)	36	13455	85	13370	4511	1680	3085	  13019
361	&scorr;&sweep;&b -d;&syn3;&if -W 300 -y -K 6;&if -W 300 -K 6 -v;&mfs;	17.777	6.535(37%)	11.242(63%)	37	12980	85	12895	4511	1680	3081	  12508
362	&scorr;&sweep;&if -W 300 -y -K 6;&if -W 300 -g -K 6;&if -W 300 -K 6 -v;&mfs;	17.972	6.025(34%)	11.947(66%)	34	14293	85	14208	4511	1680	3084	  13850
363	&scorr;&sweep;&if -W 300 -x -K 6;&syn2;&syn3;&if -W 300 -K 6 -v;&mfs;	19.775	6.967(36%)	12.808(64%)	36	12897	85	12812	4511	1680	3083	  12442
364	&scorr;&sweep;&syn3;&b -d;&dch -f;&if -W 300 -K 6 -v;&mfs;	22.773	8.008(36%)	14.765(64%)	36	12789	85	12704	4511	1680	3628	  12219
365	&scorr;&sweep;&syn3;&synch2;&if -W 300 -g -K 6;&if -W 300 -K 6 -v;&mfs;	20.693	7.083(35%)	13.610(65%)	35	12731	85	12646	4511	1680	3083	  12200
366	&scorr;&sweep;&b;&dc2;&if -W 300 -y -K 6;&if -W 300 -K 6 -v;&mfs;	18.945	6.835(37%)	12.110(63%)	37	13160	85	13075	4511	1680	3083	  12759
367	&scorr;&sweep;&synch2;&syn2;&dc2;&if -W 300 -K 6 -v;&mfs;	19.913	7.049(36%)	12.864(64%)	36	12970	85	12885	4511	1680	3085	  12574
368	&scorr;&sweep;&dc2;&b;&dch -f;&if -W 300 -K 6 -v;&mfs;&st;&if -W 300 -g -K 6;&b -d;&dch;&if -W 300 -K 6 -v;&mfs;	18.927	6.711(36%)	12.216(64%)	36	12653	85	12568	4511	1680	2884	  12011
369	&scorr;&sweep;&b;&dch;&syn3;&if -W 300 -K 6 -v;&mfs;&st;&syn3;&syn4;&if -W 300 -g -K 6;&if -W 300 -K 6 -v;&mfs;	21.577	7.200(34%)	14.377(66%)	34	12792	85	12707	4511	1680	2862	  12144
370	&scorr;&sweep;&b;&dc2;&if -W 300 -K 6 -v;&mfs;	23.048	7.676(34%)	15.372(66%)	34	13230	85	13145	4511	1680	3628	  12871
371	&scorr;&sweep;&synch2;&dch;&dch;&if -W 300 -K 6 -v;&mfs;	19.279	6.925(36%)	12.354(64%)	36	13064	85	12979	4511	1680	3388	  12549
372	&scorr;&sweep;&syn4;&dch;&if -W 300 -g -K 6;&if -W 300 -K 6 -v;&mfs;&st;&dc2;&if -W 300 -g -K 6;&synch2;&if -W 300 -K 6 -v;&mfs;	18.246	6.605(37%)	11.641(63%)	37	13146	85	13061	4511	1680	2885	  12487
373	&scorr;&sweep;&b -d;&syn2;&if -W 300 -y -K 6;&if -W 300 -K 6 -v;&mfs;&st;&if -W 300 -x -K 6;&if -W 300 -y -K 6;&b;&if -W 300 -K 6 -v;&mfs;&st;&syn3;&if -W 300 -g -K 6;&dch -f;&if -W 300 -K 6 -v;&mfs;	18.674	6.722(36%)	11.952(64%)	36	12457	85	12372	4511	1680	2883	  11788
374	&scorr;&sweep;&syn4;&if -W 300 -y -K 6;&if -W 300 -g -K 6;&if -W 300 -K 6 -v;&mfs;	19.531	6.722(35%)	12.809(65%)	35	13229	85	13144	4511	1680	3085	  12723
375	&scorr;&sweep;&if -W 300 -x -K 6;&if -W 300 -g -K 6;&if -W 300 -K 6 -v;&mfs;	17.041	6.233(37%)	10.808(63%)	37	14119	85	14034	4511	1680	3084	  13667
376	&scorr;&sweep;&if -W 300 -y -K 6;&b;&syn2;&if -W 300 -K 6 -v;&mfs;&st;&syn3;&dc2;&synch2;&if -W 300 -K 6 -v;&mfs;	19.059	6.722(36%)	12.337(64%)	36	12542	85	12457	4511	1680	2883	  11883
377	&scorr;&sweep;&syn4;&if -W 300 -y -K 6;&synch2;&if -W 300 -K 6 -v;&mfs;	19.674	6.977(36%)	12.697(64%)	36	12744	85	12659	4511	1680	3085	  12132
378	&scorr;&sweep;&if -W 300 -x -K 6;&b -d;&b;&if -W 300 -K 6 -v;&mfs;	18.008	6.273(35%)	11.735(65%)	35	13464	85	13379	4511	1680	3084	  13156
379	&scorr;&sweep;&if -W 300 -x -K 6;&if -W 300 -y -K 6;&if -W 300 -y -K 6;&if -W 300 -K 6 -v;&mfs;	17.740	6.542(37%)	11.198(63%)	37	14024	85	13939	4511	1680	3083	  13615
380	&scorr;&sweep;&syn2;&syn2;&if -W 300 -K 6 -v;&mfs;	19.733	7.067(36%)	12.666(64%)	36	12904	85	12819	4511	1680	3325	  12424
381	&scorr;&sweep;&syn3;&if -W 300 -x -K 6;&if -W 300 -K 6 -v;&mfs;	19.975	7.046(36%)	12.929(64%)	36	13035	85	12950	4511	1680	3082	  12568
382	&scorr;&sweep;&b -d;&if -W 300 -g -K 6;&if -W 300 -K 6 -v;&mfs;										1789	  17545
383	&scorr;&sweep;&syn3;&dc2;&if -W 300 -K 6 -v;&mfs;	25.246	8.373(34%)	16.873(66%)	34	13029	85	12944	4511	1680	3628	  12608
384	&scorr;&sweep;&b;&b;&dc2;&if -W 300 -K 6 -v;&mfs;	24.551	8.249(34%)	16.302(66%)	34	13050	85	12965	4511	1680	3628	  12682
385	&scorr;&sweep;&if -W 300 -y -K 6;&if -W 300 -x -K 6;&syn4;&if -W 300 -K 6 -v;&mfs;&st;&if -W 300 -x -K 6;&dch;&b;&if -W 300 -K 6 -v;&mfs;	18.876	6.801(37%)	12.075(63%)	37	12855	85	12770	4511	1680	2861	  12215
386	&scorr;&sweep;&if -W 300 -g -K 6;&if -W 300 -K 6 -v;&mfs;	17.197	6.208(37%)	10.989(63%)	37	14095	85	14010	4511	1680	3085	  13764
387	&scorr;&sweep;&if -W 300 -x -K 6;&dch;&if -W 300 -y -K 6;&if -W 300 -K 6 -v;&mfs;&st;&synch2;&if -W 300 -x -K 6;&if -W 300 -x -K 6;&if -W 300 -K 6 -v;&mfs;	17.610	6.532(38%)	11.078(62%)	38	12788	85	12703	4511	1680	2884	  12181
388	&scorr;&sweep;&b;&syn4;&syn2;&if -W 300 -K 6 -v;&mfs;	22.245	7.448(34%)	14.797(66%)	34	12933	85	12848	4511	1680	3325	  12382
389	&scorr;&sweep;&syn4;&syn4;&syn4;&if -W 300 -K 6 -v;&mfs;	22.470	7.315(33%)	15.155(67%)	33	13110	85	13025	4511	1680	3629	  12538
390	&scorr;&sweep;&b;&if -W 300 -x -K 6;&if -W 300 -g -K 6;&if -W 300 -K 6 -v;&mfs;	17.603	6.550(38%)	11.053(62%)	38	13513	85	13428	4511	1680	3083	  13161
391	&scorr;&sweep;&syn2;&if -W 300 -g -K 6;&dch;&if -W 300 -K 6 -v;&mfs;&st;&if -W 300 -x -K 6;&dc2;&syn2;&if -W 300 -K 6 -v;&mfs;	21.508	7.342(35%)	14.166(65%)	35	12557	85	12472	4511	1680	2884	  11906
392	&scorr;&sweep;&dc2;&synch2;&syn3;&if -W 300 -K 6 -v;&mfs;	17.473	6.471(38%)	11.002(62%)	38	12823	85	12738	4511	1680	3387	  12290
393	&scorr;&sweep;&b -d;&b -d;&dch;&if -W 300 -K 6 -v;&mfs;	20.005	7.264(37%)	12.741(63%)	37	13502	85	13417	4511	1680	3628	  13006
394	&scorr;&sweep;&syn4;&if -W 300 -x -K 6;&if -W 300 -y -K 6;&if -W 300 -K 6 -v;&mfs;	19.237	6.846(36%)	12.391(64%)	36	13259	85	13174	4511	1680	3084	  12741
395	&scorr;&sweep;&b;&synch2;&dch -f;&if -W 300 -K 6 -v;&mfs;	21.109	7.173(34%)	13.936(66%)	34	12766	85	12681	4511	1680	3387	  12251
396	&scorr;&sweep;&dch -f;&dc2;&if -W 300 -x -K 6;&if -W 300 -K 6 -v;&mfs;	18.442	6.458(36%)	11.984(64%)	36	13234	85	13149	4511	1680	3084	  12694
397	&scorr;&sweep;&dch -f;&if -W 300 -g -K 6;&if -W 300 -g -K 6;&if -W 300 -K 6 -v;&mfs;	18.762	6.711(36%)	12.051(64%)	36	13634	85	13549	4511	1680	3085	  13052
398	&scorr;&sweep;&syn3;&b -d;&if -W 300 -K 6 -v;&mfs;										1843	  14487
399	&scorr;&sweep;&syn2;&synch2;&if -W 300 -y -K 6;&if -W 300 -K 6 -v;&mfs;	19.024	6.722(36%)	12.302(64%)	36	12744	85	12659	4511	1680	3083	  12222
400	&scorr;&sweep;&dch;&if -W 300 -K 6 -v;&mfs;	21.388	7.636(36%)	13.752(64%)	36	13201	85	13116	4511	1680	3628	  12634
401	&scorr;&sweep;&syn2;&if -W 300 -x -K 6;&dc2;&if -W 300 -K 6 -v;&mfs;	19.200	6.846(36%)	12.354(64%)	36	13192	85	13107	4511	1680	3084	  12836
402	&scorr;&sweep;&b;&dch -f;&if -W 300 -K 6 -v;&mfs;	21.094	7.381(35%)	13.713(65%)	35	12871	85	12786	4511	1680	3628	  12370
403	&scorr;&sweep;&dch -f;&b -d;&if -W 300 -K 6 -v;&mfs;&st;&synch2;&synch2;&if -W 300 -y -K 6;&if -W 300 -K 6 -v;&mfs;										1843	  18289
404	&scorr;&sweep;&synch2;&dch;&syn2;&if -W 300 -K 6 -v;&mfs;	19.471	6.925(36%)	12.546(64%)	36	12718	85	12633	4511	1680	3085	  12239
405	&scorr;&sweep;&syn4;&if -W 300 -g -K 6;&if -W 300 -K 6 -v;&mfs;	19.046	6.722(36%)	12.324(64%)	36	13175	85	13090	4511	1680	3326	  12682
406	&scorr;&sweep;&b;&syn3;&if -W 300 -y -K 6;&if -W 300 -K 6 -v;&mfs;	20.204	7.031(35%)	13.173(65%)	35	12894	85	12809	4511	1680	3082	  12444
407	&scorr;&sweep;&syn4;&syn4;&dc2;&if -W 300 -K 6 -v;&mfs;	26.618	8.628(33%)	17.990(67%)	33	13412	85	13327	4511	1680	3629	  12842
408	&scorr;&sweep;&dc2;&syn2;&b;&if -W 300 -K 6 -v;&mfs;&st;&syn3;&syn3;&if -W 300 -K 6 -v;&mfs;&st;&if -W 300 -y -K 6;&if -W 300 -g -K 6;&if -W 300 -K 6 -v;&mfs;	18.404	6.580(36%)	11.824(64%)	36	12480	85	12395	4511	1680	2883	  11808
409	&scorr;&sweep;&b;&if -W 300 -g -K 6;&if -W 300 -x -K 6;&if -W 300 -K 6 -v;&mfs;&st;&dc2;&if -W 300 -x -K 6;&syn2;&if -W 300 -K 6 -v;&mfs;	20.706	7.162(35%)	13.544(65%)	35	12713	85	12628	4511	1680	2883	  12058
410	&scorr;&sweep;&syn4;&if -W 300 -x -K 6;&dc2;&if -W 300 -K 6 -v;&mfs;	20.223	7.180(36%)	13.043(64%)	36	13490	85	13405	4511	1680	3084	  12923
411	&scorr;&sweep;&b;&b;&if -W 300 -K 6 -v;&mfs;	18.737	6.729(36%)	12.008(64%)	36	13750	85	13665	4511	1680	3628	  13339
412	&scorr;&sweep;&b -d;&syn2;&if -W 300 -x -K 6;&if -W 300 -K 6 -v;&mfs;	17.865	6.659(38%)	11.206(62%)	38	13109	85	13024	4511	1680	3082	  12686
413	&scorr;&sweep;&dc2;&dch -f;&b -d;&if -W 300 -K 6 -v;&mfs;&st;&syn3;&if -W 300 -y -K 6;&if -W 300 -K 6 -v;&mfs;										1843	  16068
414	&scorr;&sweep;&dch;&syn2;&dch;&if -W 300 -K 6 -v;&mfs;	26.577	8.621(33%)	17.956(67%)	33	12783	85	12698	4511	1680	3326	  12240
415	&scorr;&sweep;&syn3;&syn4;&dch;&if -W 300 -K 6 -v;&mfs;	26.552	8.628(33%)	17.924(67%)	33	12745	85	12660	4511	1680	3629	  12226
416	&scorr;&sweep;&b -d;&b -d;&dc2;&if -W 300 -K 6 -v;&mfs;&st;&b -d;&dch -f;&syn2;&if -W 300 -K 6 -v;&mfs;	21.723	7.629(36%)	14.094(64%)	36	13211	85	13126	4511	1680	3325	  12589
417	&scorr;&sweep;&syn2;&dc2;&if -W 300 -x -K 6;&if -W 300 -K 6 -v;&mfs;&st;&b;&b -d;&b -d;&if -W 300 -K 6 -v;&mfs;&st;&syn3;&syn2;&b -d;&if -W 300 -K 6 -v;&mfs;&st;&syn4;&dc2;&syn3;&if -W 300 -K 6 -v;&mfs;										1771	  16611
418	&scorr;&sweep;&syn2;&dc2;&if -W 300 -K 6 -v;&mfs;	23.674	8.001(34%)	15.673(66%)	34	13159	85	13074	4511	1680	3325	  12731
419	&scorr;&sweep;&if -W 300 -g -K 6;&dch;&synch2;&if -W 300 -K 6 -v;&mfs;	19.439	7.038(37%)	12.401(63%)	37	12601	85	12516	4511	1680	3084	  12074
420	&scorr;&sweep;&synch2;&if -W 300 -x -K 6;&dc2;&if -W 300 -K 6 -v;&mfs;	19.585	6.835(35%)	12.750(65%)	35	13030	85	12945	4511	1680	3084	  12530
421	&scorr;&sweep;&b -d;&syn3;&syn2;&if -W 300 -K 6 -v;&mfs;	19.959	6.977(35%)	12.982(65%)	35	12828	85	12743	4511	1680	3325	  12329
422	&scorr;&sweep;&if -W 300 -x -K 6;&if -W 300 -y -K 6;&if -W 300 -K 6 -v;&mfs;	17.371	6.091(36%)	11.280(64%)	36	14010	85	13925	4511	1680	3083	  13600
423	&scorr;&sweep;&if -W 300 -y -K 6;&b -d;&syn3;&if -W 300 -K 6 -v;&mfs;	17.995	6.481(37%)	11.514(63%)	37	13114	85	13029	4511	1680	3083	  12658
424	&scorr;&sweep;&if -W 300 -x -K 6;&synch2;&dch;&if -W 300 -K 6 -v;&mfs;	18.854	6.925(37%)	11.929(63%)	37	12910	85	12825	4511	1680	3085	  12393
425	&scorr;&sweep;&dch;&dch -f;&if -W 300 -g -K 6;&if -W 300 -K 6 -v;&mfs;	18.211	6.587(37%)	11.624(63%)	37	13145	85	13060	4511	1680	3085	  12593
426	&scorr;&sweep;&if -W 300 -y -K 6;&synch2;&b;&if -W 300 -K 6 -v;&mfs;	18.396	6.470(36%)	11.926(64%)	36	13157	85	13072	4511	1680	3083	  12684
427	&scorr;&sweep;&if -W 300 -y -K 6;&dch;&if -W 300 -K 6 -v;&mfs;	18.753	6.569(36%)	12.184(64%)	36	13326	85	13241	4511	1680	3085	  12790
428	&scorr;&sweep;&synch2;&syn3;&if -W 300 -g -K 6;&if -W 300 -K 6 -v;&mfs;	18.659	6.801(37%)	11.858(63%)	37	12931	85	12846	4511	1680	3084	  12548
429	&scorr;&sweep;&syn3;&syn3;&if -W 300 -K 6 -v;&mfs;&st;&if -W 300 -g -K 6;&b -d;&b -d;&if -W 300 -K 6 -v;&mfs;										1771	  17350
430	&scorr;&sweep;&syn3;&syn3;&if -W 300 -g -K 6;&if -W 300 -K 6 -v;&mfs;	20.358	6.952(35%)	13.406(65%)	35	12762	85	12677	4511	1680	3082	  12346
431	&scorr;&sweep;&synch2;&b -d;&b -d;&if -W 300 -K 6 -v;&mfs;&st;&syn3;&b;&if -W 300 -K 6 -v;&mfs;										1789	  17424
432	&scorr;&sweep;&syn2;&if -W 300 -y -K 6;&dch -f;&if -W 300 -K 6 -v;&mfs;	20.127	6.925(35%)	13.202(65%)	35	12884	85	12799	4511	1680	3083	  12357
433	&scorr;&sweep;&syn3;&synch2;&if -W 300 -x -K 6;&if -W 300 -K 6 -v;&mfs;	19.727	7.038(36%)	12.689(64%)	36	12726	85	12641	4511	1680	3083	  12194
434	&scorr;&sweep;&syn2;&b -d;&if -W 300 -x -K 6;&if -W 300 -K 6 -v;&mfs;&st;&b -d;&if -W 300 -y -K 6;&if -W 300 -K 6 -v;&mfs;										1789	  15950
435	&scorr;&sweep;&dch -f;&if -W 300 -g -K 6;&if -W 300 -y -K 6;&if -W 300 -K 6 -v;&mfs;	18.546	6.562(36%)	11.984(64%)	36	13358	85	13273	4511	1680	3086	  12783
436	&scorr;&sweep;&if -W 300 -g -K 6;&if -W 300 -x -K 6;&if -W 300 -K 6 -v;&mfs;	17.401	6.190(36%)	11.211(64%)	36	14063	85	13978	4511	1680	3084	  13660
437	&scorr;&sweep;&synch2;&if -W 300 -K 6 -v;&mfs;&st;&b -d;&b;&dc2;&if -W 300 -K 6 -v;&mfs;&st;&dch;&dc2;&syn3;&if -W 300 -K 6 -v;&mfs;&st;&syn3;&b;&syn2;&if -W 300 -K 6 -v;&mfs;	21.266	7.315(35%)	13.951(65%)	35	12347	85	12262	4511	1680	2883	  11682
438	&scorr;&sweep;&b;&dch;&b;&if -W 300 -K 6 -v;&mfs;	23.490	8.125(35%)	15.365(65%)	35	13234	85	13149	4511	1680	3628	  12798
439	&scorr;&sweep;&dch;&synch2;&dch -f;&if -W 300 -K 6 -v;&mfs;	18.227	6.379(35%)	11.848(65%)	35	12891	85	12806	4511	1680	3388	  12329
440	&scorr;&sweep;&dch;&syn3;&syn4;&if -W 300 -K 6 -v;&mfs;	24.708	7.924(33%)	16.784(67%)	33	12931	85	12846	4511	1680	3629	  12344
441	&scorr;&sweep;&dch -f;&if -W 300 -g -K 6;&if -W 300 -x -K 6;&if -W 300 -K 6 -v;&mfs;&st;&b -d;&if -W 300 -K 6 -v;&mfs;										1771	  16440
442	&scorr;&sweep;&b;&synch2;&dch -f;&if -W 300 -K 6 -v;&mfs;&st;&b -d;&syn4;&b;&if -W 300 -K 6 -v;&mfs;&st;&dch;&syn2;&syn2;&if -W 300 -K 6 -v;&mfs;&st;&b;&if -W 300 -y -K 6;&b -d;&if -W 300 -K 6 -v;&mfs;										1771	  16525
443	&scorr;&sweep;&if -W 300 -g -K 6;&if -W 300 -x -K 6;&synch2;&if -W 300 -K 6 -v;&mfs;&st;&syn4;&b -d;&if -W 300 -x -K 6;&if -W 300 -K 6 -v;&mfs;&st;&synch2;&if -W 300 -g -K 6;&synch2;&if -W 300 -K 6 -v;&mfs;										1771	  15310
444	&scorr;&sweep;&syn2;&syn3;&if -W 300 -K 6 -v;&mfs;	21.343	7.218(34%)	14.125(66%)	34	12757	85	12672	4511	1680	3325	  12325
445	&scorr;&sweep;&synch2;&b;&dch -f;&if -W 300 -K 6 -v;&mfs;	19.741	6.711(34%)	13.030(66%)	34	12804	85	12719	4511	1680	3388	  12300
446	&scorr;&sweep;&if -W 300 -g -K 6;&b;&b -d;&if -W 300 -K 6 -v;&mfs;										1789	  15825
447	&scorr;&sweep;&syn4;&if -W 300 -y -K 6;&if -W 300 -y -K 6;&if -W 300 -K 6 -v;&mfs;&st;&syn4;&syn4;&if -W 300 -y -K 6;&if -W 300 -K 6 -v;&mfs;	21.952	7.342(34%)	14.610(66%)	34	12837	85	12752	4511	1680	2884	  12190
448	&scorr;&sweep;&b;&dc2;&dch -f;&if -W 300 -K 6 -v;&mfs;	23.186	7.874(34%)	15.312(66%)	34	12924	85	12839	4511	1680	3628	  12401
449	&scorr;&sweep;&synch2;&syn4;&if -W 300 -g -K 6;&if -W 300 -K 6 -v;&mfs;	20.398	7.173(36%)	13.225(64%)	36	12987	85	12902	4511	1680	3084	  12588
450	&scorr;&sweep;&syn3;&if -W 300 -g -K 6;&if -W 300 -y -K 6;&if -W 300 -K 6 -v;&mfs;	19.562	6.907(36%)	12.655(64%)	36	13045	85	12960	4511	1680	3083	  12578
451	&scorr;&sweep;&syn2;&syn4;&syn3;&if -W 300 -K 6 -v;&mfs;	22.349	7.466(34%)	14.883(66%)	34	12845	85	12760	4511	1680	3325	  12395
452	&scorr;&sweep;&if -W 300 -y -K 6;&dc2;&if -W 300 -g -K 6;&if -W 300 -K 6 -v;&mfs;	17.813	6.456(37%)	11.357(63%)	37	13834	85	13749	4511	1680	3085	  13316
453	&scorr;&sweep;&dc2;&b -d;&synch2;&if -W 300 -K 6 -v;&mfs;	20.519	7.013(35%)	13.506(65%)	35	12899	85	12814	4511	1680	3387	  12367
454	&scorr;&sweep;&synch2;&syn4;&syn4;&if -W 300 -K 6 -v;&mfs;	21.808	7.421(35%)	14.387(65%)	35	13110	85	13025	4511	1680	3386	  12686
455	&scorr;&sweep;&syn4;&syn2;&dch;&if -W 300 -K 6 -v;&mfs;	23.136	7.983(35%)	15.153(65%)	35	12796	85	12711	4511	1680	3325	  12171
456	&scorr;&sweep;&synch2;&syn2;&if -W 300 -K 6 -v;&mfs;	19.940	6.959(35%)	12.981(65%)	35	12999	85	12914	4511	1680	3084	  12554
457	&scorr;&sweep;&b;&b;&synch2;&if -W 300 -K 6 -v;&mfs;&st;&b;&syn4;&if -W 300 -K 6 -v;&mfs;	20.984	7.304(35%)	13.680(65%)	35	12797	85	12712	4511	1680	3187	  12150
458	&scorr;&sweep;&if -W 300 -g -K 6;&syn3;&if -W 300 -y -K 6;&if -W 300 -K 6 -v;&mfs;&st;&b -d;&b;&if -W 300 -K 6 -v;&mfs;	18.141	6.535(37%)	11.606(63%)	37	12868	85	12783	4511	1680	2862	  12214
459	&scorr;&sweep;&synch2;&syn3;&syn2;&if -W 300 -K 6 -v;&mfs;&st;&if -W 300 -g -K 6;&b;&dch;&if -W 300 -K 6 -v;&mfs;	19.401	6.907(36%)	12.494(64%)	36	12445	85	12360	4511	1680	2862	  11775
460	&scorr;&sweep;&if -W 300 -g -K 6;&if -W 300 -g -K 6;&b;&if -W 300 -K 6 -v;&mfs;	17.645	6.456(37%)	11.189(63%)	37	13428	85	13343	4511	1680	3083	  13025
461	&scorr;&sweep;&if -W 300 -g -K 6;&syn2;&dch;&if -W 300 -K 6 -v;&mfs;	18.745	6.801(37%)	11.944(63%)	37	12823	85	12738	4511	1680	3084	  12306
462	&scorr;&sweep;&if -W 300 -x -K 6;&b;&b;&if -W 300 -K 6 -v;&mfs;	18.158	6.605(37%)	11.553(63%)	37	13371	85	13286	4511	1680	3083	  12964
463	&scorr;&sweep;&syn2;&b;&if -W 300 -x -K 6;&if -W 300 -K 6 -v;&mfs;&st;&if -W 300 -g -K 6;&b;&if -W 300 -K 6 -v;&mfs;	20.106	7.031(35%)	13.075(65%)	35	12574	85	12489	4511	1680	2883	  11913
464	&scorr;&sweep;&syn2;&syn2;&if -W 300 -K 6 -v;&mfs;	19.733	7.067(36%)	12.666(64%)	36	12904	85	12819	4511	1680	3325	  12424
465	&scorr;&sweep;&dch -f;&if -W 300 -g -K 6;&dch -f;&if -W 300 -K 6 -v;&mfs;	18.572	6.503(36%)	12.069(64%)	36	13421	85	13336	4511	1680	3086	  12846
466	&scorr;&sweep;&dch;&dc2;&syn2;&if -W 300 -K 6 -v;&mfs;&st;&syn2;&synch2;&b -d;&if -W 300 -K 6 -v;&mfs;										1771	  15586
467	&scorr;&sweep;&b -d;&syn3;&if -W 300 -x -K 6;&if -W 300 -K 6 -v;&mfs;	17.971	6.598(37%)	11.373(63%)	37	12952	85	12867	4511	1680	3082	  12510
468	&scorr;&sweep;&syn2;&b;&dch -f;&if -W 300 -K 6 -v;&mfs;	24.431	8.249(34%)	16.182(66%)	34	12809	85	12724	4511	1680	3325	  12268
469	&scorr;&sweep;&b -d;&if -W 300 -y -K 6;&synch2;&if -W 300 -K 6 -v;&mfs;&st;&b;&syn3;&if -W 300 -K 6 -v;&mfs;&st;&b;&syn2;&syn4;&if -W 300 -K 6 -v;&mfs;	21.071	7.297(35%)	13.774(65%)	35	12669	85	12584	4511	1680	2883	  12004
470	&scorr;&sweep;&syn2;&synch2;&if -W 300 -K 6 -v;&mfs;	19.396	6.846(36%)	12.550(64%)	36	12633	85	12548	4511	1680	3081	  12112
471	&scorr;&sweep;&b;&syn2;&if -W 300 -y -K 6;&if -W 300 -K 6 -v;&mfs;	19.741	7.056(36%)	12.685(64%)	36	13008	85	12923	4511	1680	3081	  12590
472	&scorr;&sweep;&synch2;&if -W 300 -y -K 6;&syn2;&if -W 300 -K 6 -v;&mfs;	21.242	6.952(33%)	14.290(67%)	33	12929	85	12844	4511	1680	3084	  12429
473	&scorr;&sweep;&if -W 300 -g -K 6;&synch2;&if -W 300 -x -K 6;&if -W 300 -K 6 -v;&mfs;	17.868	6.314(36%)	11.554(64%)	36	13170	85	13085	4511	1680	3083	  12663
474	&scorr;&sweep;&b -d;&if -W 300 -g -K 6;&if -W 300 -x -K 6;&if -W 300 -K 6 -v;&mfs;&st;&b;&dc2;&if -W 300 -x -K 6;&if -W 300 -K 6 -v;&mfs;&st;&b;&b;&if -W 300 -K 6 -v;&mfs;										1789	  17642
475	&scorr;&sweep;&b;&b -d;&if -W 300 -K 6 -v;&mfs;&st;&syn4;&syn4;&syn2;&if -W 300 -K 6 -v;&mfs;										1843	  16804
476	&scorr;&sweep;&syn4;&syn2;&b;&if -W 300 -K 6 -v;&mfs;	22.648	7.590(34%)	15.058(66%)	34	12923	85	12838	4511	1680	3325	  12386
477	&scorr;&sweep;&syn3;&if -W 300 -g -K 6;&b -d;&if -W 300 -K 6 -v;&mfs;										1790	  17317
478	&scorr;&sweep;&syn4;&b -d;&if -W 300 -x -K 6;&if -W 300 -K 6 -v;&mfs;&st;&syn4;&dch -f;&dc2;&if -W 300 -K 6 -v;&mfs;&st;&syn3;&syn4;&if -W 300 -K 6 -v;&mfs;										1790	  16523
479	&scorr;&sweep;&b;&if -W 300 -x -K 6;&if -W 300 -y -K 6;&if -W 300 -K 6 -v;&mfs;	17.937	6.666(38%)	11.271(62%)	38	13441	85	13356	4511	1680	3083	  13080
480	&scorr;&sweep;&if -W 300 -y -K 6;&if -W 300 -g -K 6;&b -d;&if -W 300 -K 6 -v;&mfs;										1789	  17582
481	&scorr;&sweep;&syn3;&if -W 300 -g -K 6;&if -W 300 -K 6 -v;&mfs;	19.052	6.719(36%)	12.333(64%)	36	13050	85	12965	4511	1680	3082	  12591
482	&scorr;&sweep;&if -W 300 -g -K 6;&if -W 300 -g -K 6;&syn2;&if -W 300 -K 6 -v;&mfs;&st;&if -W 300 -x -K 6;&dc2;&dc2;&if -W 300 -K 6 -v;&mfs;	19.064	6.722(36%)	12.342(64%)	36	13008	85	12923	4511	1680	2883	  12391
483	&scorr;&sweep;&dch -f;&b;&if -W 300 -K 6 -v;&mfs;&st;&if -W 300 -g -K 6;&dc2;&if -W 300 -y -K 6;&if -W 300 -K 6 -v;&mfs;	18.235	6.517(36%)	11.718(64%)	36	13091	85	13006	4511	1680	2883	  12444
484	&scorr;&sweep;&syn4;&dch -f;&synch2;&if -W 300 -K 6 -v;&mfs;&st;&b -d;&syn4;&syn4;&if -W 300 -K 6 -v;&mfs;	18.959	6.677(36%)	12.282(64%)	36	12957	85	12872	4511	1680	3187	  12297
485	&scorr;&sweep;&dc2;&if -W 300 -K 6 -v;&mfs;	21.600	7.487(35%)	14.113(65%)	35	13726	85	13641	4511	1680	3628	  13221
486	&scorr;&sweep;&syn3;&dch -f;&syn4;&if -W 300 -K 6 -v;&mfs;	26.402	8.621(33%)	17.781(67%)	33	12921	85	12836	4511	1680	3629	  12380
487	&scorr;&sweep;&if -W 300 -x -K 6;&syn4;&b -d;&if -W 300 -K 6 -v;&mfs;&st;&dch;&dc2;&if -W 300 -y -K 6;&if -W 300 -K 6 -v;&mfs;										1789	  15713
488	&scorr;&sweep;&syn2;&synch2;&if -W 300 -K 6 -v;&mfs;	19.396	6.846(36%)	12.550(64%)	36	12633	85	12548	4511	1680	3081	  12112
489	&scorr;&sweep;&if -W 300 -g -K 6;&synch2;&b -d;&if -W 300 -K 6 -v;&mfs;										1789	  18770
490	&scorr;&sweep;&syn4;&dch -f;&syn2;&if -W 300 -K 6 -v;&mfs;	25.140	8.373(34%)	16.767(66%)	34	13259	85	13174	4511	1680	3325	  12646
491	&scorr;&sweep;&syn2;&synch2;&syn3;&if -W 300 -K 6 -v;&mfs;	20.878	7.094(34%)	13.784(66%)	34	12650	85	12565	4511	1680	3083	  12228
492	&scorr;&sweep;&if -W 300 -x -K 6;&if -W 300 -y -K 6;&synch2;&if -W 300 -K 6 -v;&mfs;	18.079	6.411(36%)	11.668(64%)	36	12706	85	12621	4511	1680	3083	  12256
493	&scorr;&sweep;&if -W 300 -g -K 6;&synch2;&dch -f;&if -W 300 -K 6 -v;&mfs;	18.872	6.925(37%)	11.947(63%)	37	13073	85	12988	4511	1680	3084	  12510
494	&scorr;&sweep;&if -W 300 -y -K 6;&syn3;&syn2;&if -W 300 -K 6 -v;&mfs;	20.516	7.101(35%)	13.415(65%)	35	12830	85	12745	4511	1680	3083	  12361
495	&scorr;&sweep;&if -W 300 -y -K 6;&if -W 300 -y -K 6;&if -W 300 -K 6 -v;&mfs;	18.452	6.273(34%)	12.179(66%)	34	14153	85	14068	4511	1680	3083	  13747
496	&scorr;&sweep;&b -d;&b -d;&dch;&if -W 300 -K 6 -v;&mfs;	20.005	7.264(37%)	12.741(63%)	37	13502	85	13417	4511	1680	3628	  13006
497	&scorr;&sweep;&syn4;&if -W 300 -x -K 6;&if -W 300 -K 6 -v;&mfs;	19.180	6.846(36%)	12.334(64%)	36	13195	85	13110	4511	1680	3085	  12699
498	&scorr;&sweep;&b -d;&synch2;&dc2;&if -W 300 -K 6 -v;&mfs;	17.631	6.320(36%)	11.311(64%)	36	13325	85	13240	4511	1680	3386	  12887
499	&scorr;&sweep;&if -W 300 -x -K 6;&if -W 300 -x -K 6;&syn4;&if -W 300 -K 6 -v;&mfs;	18.801	6.801(37%)	12.000(63%)	37	13231	85	13146	4511	1680	3083	  12748
